food_id,food_name,meal_role,serving_size,kcal,carbohydrate,protein,fat,sugar,sodium
1,흰죽,한그릇,291.9,186.8,39.4,3.5,0.8,0.3,379.5
2,흑임자죽,한그릇,400.0,244.0,14.6,4.4,18.9,3.0,636.0
3,흑임자 죽,한그릇,259.0,274.5,42.4,5.7,8.7,0.4,336.7
4,흑미밥_찹쌀,밥,190.0,224.2,49.0,4.1,0.3,0.0,3.8
5,흑미밥,밥,390.0,460.2,100.8,8.3,0.7,0.1,11.7
6,훠궈_소고기,국물,100.0,93.0,6.8,4.8,5.1,1.1,390.0
7,훈제오리,반찬,200.0,518.0,7.7,53.7,30.3,0.8,1776.0
8,회무침_서대,반찬,300.0,315.0,45.9,22.6,4.6,22.3,1200.0
9,회무침_가오리,반찬,230.0,186.3,14.6,26.1,2.7,12.6,814.2
10,회무침,반찬,250.0,205.0,21.5,20.2,4.1,11.3,687.5
11,회덮밥_참치,한그릇,572.0,617.8,101.0,28.0,10.2,8.3,480.5
12,회덮밥_모듬,한그릇,410.0,594.5,72.8,37.3,17.0,12.6,635.5
13,회덮밥,한그릇,500.0,685.0,103.3,30.2,16.6,11.0,745.0
14,회냉면,한그릇,732.6,586.1,105.3,24.9,6.4,10.5,2153.8
15,황태해장국,국물,600.0,180.0,5.7,24.5,6.8,1.5,1536.0
16,황태콩나물찜,반찬,650.0,533.0,45.0,66.1,12.9,11.3,1586.0
17,황태구이_양념,반찬,170.0,244.8,10.0,35.1,6.4,4.0,516.8
18,황태구이,반찬,200.0,438.0,26.9,47.8,15.4,14.2,1136.0
19,화양적,반찬,150.0,273.0,21.3,13.6,14.8,1.2,796.5
20,홍합탕_홍합만,국물,100.0,29.0,2.3,3.7,0.6,0.0,303.0
21,홍합산적,반찬,80.0,156.8,10.6,17.8,4.8,3.3,720.0
22,홍합국(홍합탕),국물,300.0,51.0,2.2,8.4,0.7,0.1,90.0
23,홍합 소고기죽,한그릇,236.3,189.0,25.8,9.0,4.8,1.0,182.0
24,홍합 미역국,국물,300.0,15.0,1.0,2.1,0.5,0.0,234.0
25,홍합 미나리죽,한그릇,254.9,124.9,25.2,3.8,0.8,2.0,5.1
26,홍합 무국,국물,320.0,73.6,4.2,8.0,2.7,1.0,905.6
27,홍어회무침,반찬,136.5,83.3,9.1,11.3,0.6,3.7,578.8
28,홍어찜,반찬,250.0,102.5,3.7,18.0,1.4,0.7,667.5
29,홍어찌개,국물,625.0,318.8,19.7,48.1,6.1,4.9,525.0
30,홍어무침,반찬,200.0,198.0,26.0,17.9,2.6,14.5,802.0
31,혼합잡곡밥,밥,450.0,531.0,111.1,11.7,2.2,1.0,81.0
32,호박찌개_고추장,국물,280.0,114.8,16.7,5.8,2.8,1.6,590.8
33,호박찌개,국물,300.0,96.0,12.2,5.6,2.6,5.8,1023.0
34,호박죽,한그릇,600.0,348.0,80.0,6.6,1.3,23.8,636.0
35,호박전,반찬,50.0,71.0,6.1,1.8,4.3,0.8,91.0
36,호박잎 된장국,국물,180.0,30.6,4.6,2.3,0.7,1.0,329.4
37,호박오가리나물무침,반찬,100.0,201.0,21.5,6.1,10.0,6.8,1849.0
38,호박볶음_호박_채소,반찬,70.0,23.8,2.6,0.6,1.4,1.2,100.8
39,호박볶음_호박,반찬,70.0,18.9,2.5,0.6,0.9,1.1,163.8
40,호박나물,반찬,70.0,37.8,3.8,0.8,2.4,1.7,257.6
41,호박고지볶음,반찬,120.0,124.8,24.3,2.9,2.6,12.0,1093.2
42,호박 된장국,국물,170.0,28.9,3.7,2.0,0.7,0.8,360.4
43,현미죽,한그릇,100.0,64.0,15.2,1.2,0.4,0.4,1.0
44,현미밥_쌀,밥,370.0,444.0,96.8,8.0,0.7,0.1,11.1
45,현미밥,밥,370.0,447.7,95.9,8.5,1.4,0.7,3.7
46,햄채소볶음,반찬,210.0,140.7,8.0,13.2,6.4,4.2,701.4
47,햄전,반찬,56.9,113.8,4.7,5.8,7.8,0.4,170.7
48,햄샐러드,반찬,80.6,86.2,10.9,2.9,3.5,3.8,153.1
49,햄부침,반찬,80.5,177.9,12.5,12.4,8.1,0.6,331.7
50,햄볶음_채소,반찬,220.0,402.6,21.1,23.0,25.0,7.3,1766.6
51,햄구이,반찬,61.3,90.7,1.2,12.4,4.0,0.9,455.5
52,해파리냉채,반찬,85.0,26.4,4.8,1.3,0.4,2.7,272.8
53,해초무침,반찬,100.0,39.0,8.5,1.0,0.2,4.0,862.0
54,해장국_우거지,국물,600.0,156.0,13.5,11.9,5.9,2.5,2052.0
55,해장국_선지,국물,1000.0,310.0,16.7,49.3,5.4,3.9,3070.0
56,해장국_뼈다귀,국물,800.0,208.0,8.5,25.5,7.8,5.0,2768.0
57,해신탕,국물,100.0,57.0,2.0,7.9,1.9,0.4,266.0
58,해물파전,반찬,98.2,125.7,12.3,9.1,4.1,0.9,82.5
59,해물탕,국물,600.0,270.0,16.6,39.8,4.7,0.8,2046.0
60,해물콩나물찜,반찬,850.0,433.5,32.6,59.8,9.4,6.3,1181.5
61,해물칼국수,한그릇,1100.0,847.0,161.0,34.0,4.4,2.4,2772.0
62,해물찜,반찬,500.0,400.0,35.4,42.6,9.8,5.5,2135.0
63,해물전골,국물,500.0,130.0,9.8,16.0,3.2,2.6,890.0
64,해물볶음,반찬,400.0,420.0,32.2,38.2,15.3,7.4,1756.0
65,해물 채소전,반찬,60.0,117.0,11.4,6.4,4.7,0.7,160.2
66,해물 완자전,반찬,75.2,154.9,8.0,11.6,8.1,1.4,110.5
67,해물 스파게티,한그릇,700.0,574.0,89.3,33.6,7.9,13.4,735.0
68,해물 매운탕,국물,650.0,221.0,12.3,37.1,3.4,3.2,1358.5
69,해물 된장국,국물,227.5,81.9,4.2,12.1,1.7,1.5,612.0
70,해물 덮밥,한그릇,572.0,446.2,80.9,21.7,2.2,3.9,389.0
71,함박스테이크,반찬,200.0,348.0,14.4,24.2,21.5,0.1,396.0
72,하이라이스,밥,360.0,403.2,76.8,14.5,4.1,0.0,885.6
73,피조개무침,반찬,150.0,115.5,14.2,11.1,2.0,7.3,460.5
74,피망볶음,반찬,78.6,108.5,8.7,1.3,7.7,1.9,335.6
75,풋마늘무침,반찬,81.6,50.6,7.8,1.5,2.2,4.2,75.9
76,풋고추찜,반찬,150.0,82.5,14.4,3.4,1.5,1.4,523.5
77,풋고추볶음,반찬,100.0,70.0,8.2,1.9,3.2,4.3,276.0
78,풋고추된장무침_풋고추,반찬,100.0,124.0,12.0,2.4,7.4,8.4,183.0
79,풋고추된장무침,반찬,50.0,22.5,4.0,1.0,0.5,1.1,195.0
80,표고버섯볶음,반찬,110.0,38.5,4.4,1.9,2.3,1.0,157.3
81,폭찹,반찬,99.0,122.8,5.7,12.1,5.3,3.5,162.4
82,팥죽,한그릇,259.0,178.7,35.4,7.0,0.4,0.1,339.3
83,팥밥,밥,300.0,357.0,76.1,7.8,1.0,0.5,12.0
84,팟타이,한그릇,100.0,146.0,18.5,4.0,6.2,5.4,270.0
85,팝콘_카라멜,기타,100.0,479.0,69.8,5.9,19.6,27.4,105.0
86,팝콘,기타,100.0,511.0,58.1,8.3,27.3,0.4,500.0
87,팔보채,반찬,220.0,198.0,7.5,27.3,6.4,4.6,1883.2
88,파전_해물,반찬,60.0,117.0,11.4,6.4,4.7,0.7,160.2
89,파전_돼지고기_김치,반찬,150.0,151.5,19.8,7.5,4.3,1.6,768.0
90,파전_굴_김치,반찬,140.0,138.6,19.9,5.5,3.8,1.6,609.0
91,파전_감자_김치,반찬,150.0,139.5,21.8,4.2,3.6,1.6,763.5
92,파전,반찬,150.0,292.5,34.8,6.8,14.0,0.8,346.5
93,파무침,반찬,35.2,13.4,1.5,0.6,0.7,0.4,28.9
94,파래전,반찬,40.0,78.8,12.7,1.9,2.0,0.3,113.2
95,파래볶음,반찬,50.7,30.9,1.0,0.6,3.0,0.0,30.4
96,파래무침_파래_무,반찬,130.0,29.9,6.3,1.4,0.5,3.4,286.0
97,파래무침_액젓,반찬,100.0,22.0,2.6,1.7,1.1,0.2,321.0
98,파래무침_무,반찬,39.9,15.2,2.2,0.7,0.6,1.0,112.9
99,파래무침,반찬,30.0,14.7,2.6,1.1,0.3,0.3,215.4
100,파김치,반찬,100.0,49.0,8.5,2.5,0.6,2.8,655.0
101,파강회,기타,85.0,35.7,5.4,1.0,1.5,2.9,234.6
102,톳나물무침,반찬,90.0,67.5,11.1,1.7,1.9,6.2,540.0
103,톳나물_두부,반찬,60.0,31.2,4.0,2.2,1.2,1.6,130.2
104,토란대나물무침,반찬,90.0,61.2,3.8,4.6,3.0,0.4,199.8
105,토란대나물,반찬,50.0,16.0,1.9,0.4,0.8,0.6,87.0
106,토란국,국물,164.2,54.2,5.7,3.1,2.3,0.3,318.5
107,탕평채,반찬,150.0,109.5,9.4,3.6,6.5,0.4,969.0
108,탕수육_새우,반찬,200.0,232.0,26.0,13.3,8.4,12.9,984.0
109,탕수육,반찬,343.0,387.6,38.5,23.0,15.1,11.4,500.8
110,탕수어,반찬,113.5,318.9,44.2,14.3,8.8,9.5,365.5
111,키조개구이,반찬,100.0,75.0,1.9,8.7,3.4,0.7,881.0
112,콩조림(콩자반),반찬,30.0,84.3,10.4,5.4,2.3,1.1,260.4
113,콩조림,반찬,95.0,188.1,21.2,12.8,6.1,6.1,589.0
114,콩비지찌개,국물,150.0,58.5,6.7,4.5,1.6,1.0,294.0
115,콩밥_완두콩,밥,200.0,276.0,62.5,5.9,0.3,0.0,590.0
116,콩밥_검정콩,밥,200.0,330.0,68.6,9.1,2.2,0.0,6.0
117,콩밥_강낭콩,밥,100.0,173.0,38.0,4.4,0.4,0.1,25.0
118,콩나물찜_해물,반찬,200.0,112.0,9.9,13.3,2.0,0.0,446.0
119,콩나물찌개,국물,250.0,30.0,2.7,4.0,0.9,0.3,547.5
120,콩나물잡채,반찬,79.0,34.0,3.2,1.7,2.0,1.6,95.6
121,콩나물밥_양념장,밥,240.0,264.0,49.6,8.1,3.1,0.7,355.2
122,콩나물밥_소고기,밥,440.0,576.4,112.1,17.2,5.0,1.5,492.8
123,콩나물밥_돼지고기,밥,572.0,520.5,98.4,18.9,4.8,1.2,509.1
124,콩나물밥,밥,320.0,393.6,71.6,15.0,5.1,0.1,870.4
125,콩나물무침_콩나물_고춧가루제외,반찬,100.0,19.0,1.5,1.6,1.2,0.1,136.0
126,콩나물무침_콩나물_고춧가루,반찬,80.0,18.4,1.7,1.6,1.0,0.2,108.8
127,콩나물무침_시금치,반찬,50.0,10.5,0.9,1.0,0.6,0.2,67.0
128,콩나물무침_소금,반찬,100.0,42.0,4.3,4.1,1.9,0.5,488.0
129,콩나물무침_부추,반찬,50.0,11.5,1.1,1.0,0.6,0.2,86.0
130,콩나물무침_당근_시금치,반찬,50.0,11.5,1.1,1.0,0.6,0.2,60.5
131,콩나물무침_당근,반찬,50.0,13.5,1.4,1.2,0.6,0.3,58.0
132,콩나물무침_고춧가루,반찬,80.0,18.4,1.6,1.6,1.0,0.2,110.4
133,콩나물무침_고추,반찬,50.0,14.5,1.3,1.3,0.8,0.2,139.5
134,콩나물무침,반찬,100.0,19.0,1.4,1.6,1.2,0.1,138.0
135,콩나물냉채_오이,반찬,49.1,29.0,4.8,1.9,0.6,2.4,82.0
136,콩나물냉채,반찬,50.0,13.5,2.0,1.0,0.4,1.0,101.0
137,콩나물국밥,한그릇,830.0,498.0,88.7,22.1,6.1,3.5,481.4
138,콩나물국_콩나물만,국물,180.0,12.6,1.8,1.5,0.4,0.3,271.8
139,콩나물국_콩나물_소고기,국물,180.0,52.2,2.8,4.2,2.9,0.6,210.6
140,콩나물국_콩나물,국물,150.0,10.5,1.5,1.2,0.3,0.2,268.5
141,콩나물국_청양고추,국물,300.0,24.0,2.9,2.7,0.8,0.5,537.0
142,콩나물국_바지락,국물,170.0,10.2,1.1,1.2,0.3,0.1,200.6
143,콩나물국_무,국물,200.0,12.0,1.5,1.4,0.4,0.2,244.0
144,콩나물국_김치,국물,300.0,27.0,3.3,2.7,0.8,0.8,492.0
145,콩나물국_고춧가루,국물,320.0,22.4,3.0,2.6,0.7,0.4,425.6
146,콩나물국_고추,국물,270.0,24.3,3.0,3.0,0.8,0.4,688.5
147,콩나물국,국물,250.0,12.5,1.2,1.8,0.4,0.2,230.0
148,콩나물 황태국,국물,300.0,90.0,3.0,13.8,2.6,0.9,387.0
149,콩나물 선짓국_낙지,국물,767.0,161.1,13.7,23.8,2.6,2.2,1119.8
150,콩나물 된장국,국물,164.4,42.7,4.9,4.3,1.2,1.3,480.0
151,콩나물 느타리무침,반찬,44.2,19.9,1.9,1.3,1.2,0.3,77.4
152,콩나물 국밥,한그릇,830.0,489.7,84.8,21.6,7.0,1.8,473.1
153,콩국수,한그릇,1000.0,700.0,101.9,40.0,13.4,7.5,1590.0
154,콘치즈구이,반찬,150.7,158.2,23.0,3.5,5.7,4.3,227.6
155,코다리찜,반찬,200.0,92.0,7.5,12.0,1.8,1.7,298.0
156,코다리조림_무,한그릇,110.0,80.3,6.7,10.3,1.4,2.7,350.9
157,코다리조림_간장,한그릇,74.8,57.6,5.0,7.9,0.6,3.6,331.4
158,코다리조림,한그릇,50.0,34.0,1.9,5.0,0.6,0.6,154.0
159,캘리포니아롤,밥,300.0,489.0,89.2,12.3,9.1,8.9,1296.0
160,칼국수_해물,한그릇,900.0,630.0,123.9,22.8,4.6,3.8,2358.0
161,칼국수_소고기,한그릇,1000.0,570.0,90.1,22.0,10.7,3.1,1790.0
162,칼국수_바지락,한그릇,700.0,574.0,111.8,24.0,3.7,1.3,1904.0
163,칼국수_들깨,한그릇,1020.0,1152.6,187.9,34.8,27.8,1.6,1519.8
164,칼국수_닭고기,한그릇,900.0,666.0,94.7,42.2,12.8,5.3,2124.0
165,칼국수,한그릇,514.8,499.4,103.1,13.9,1.5,1.1,947.2
166,카레소스,한그릇,290.0,203.0,28.3,7.8,6.8,6.4,1090.4
167,카레라이스_채소,한그릇,650.0,617.5,123.2,13.6,7.7,11.8,611.0
168,카레라이스_오징어,한그릇,375.7,439.6,77.7,16.2,6.9,5.0,97.7
169,카레라이스_소고기,한그릇,572.0,646.4,110.3,15.4,14.2,5.0,1704.6
170,카레라이스_두부,한그릇,512.6,533.1,82.9,19.0,12.5,3.3,1040.6
171,카레라이스_돼지고기_모듬채소,한그릇,600.0,594.0,110.6,16.2,9.1,6.7,150.0
172,카레라이스_돼지고기,한그릇,319.43,533.4,98.9,15.3,7.9,5.2,25.6
173,카레라이스,한그릇,480.0,518.4,99.6,14.9,6.7,0.8,1008.0
174,칠면조구이,반찬,42.7,88.4,0.4,13.1,3.4,0.0,235.3
175,치킨데리야끼,반찬,151.4,177.1,16.6,24.2,1.5,6.8,561.7
176,치킨가스,반찬,200.0,592.0,44.0,27.9,33.9,4.2,780.0
177,치커리무침,반찬,151.1,24.2,3.6,1.2,0.7,1.0,258.4
178,치커리겉절이,반찬,180.0,39.6,6.3,1.3,1.3,3.4,288.0
179,치커리 겉절이,반찬,32.4,18.8,2.0,0.9,1.0,0.2,163.9
180,치즈스틱,반찬,100.0,329.0,20.6,12.6,21.8,1.8,596.0
181,치즈볼,반찬,100.0,333.0,28.7,9.6,20.0,5.5,532.0
182,치즈 스파게티_해물,한그릇,700.0,693.0,106.3,31.5,14.6,15.0,931.0
183,취나물무침_소금,반찬,70.0,69.3,8.6,2.4,3.5,0.6,536.9
184,취나물무침_간장,반찬,180.0,45.0,6.6,1.8,1.8,1.0,252.0
185,취나물무침,반찬,50.0,74.0,3.3,1.4,6.2,0.0,282.0
186,취나물_취나물(마른것),반찬,50.0,44.5,3.2,1.8,2.7,0.0,66.5
187,취나물_된장,반찬,44.3,26.1,4.1,1.2,0.9,0.9,85.9
188,취나물_간장_소금,반찬,180.0,45.0,6.7,1.9,1.8,1.0,241.2
189,충무김밥,한그릇,400.0,584.0,109.2,23.4,6.0,17.2,1296.0
190,추어탕,국물,350.0,189.0,10.7,11.3,11.1,0.0,861.0
191,총각김치,반찬,100.0,42.0,7.9,1.9,0.3,3.0,630.0
192,초밥_한치,한그릇,250.0,375.0,77.9,13.7,0.8,13.1,1200.0
193,초밥_장어,한그릇,250.0,487.5,80.7,16.5,10.8,13.7,1270.0
194,초밥_유부초밥,한그릇,100.0,165.0,31.3,4.3,2.5,2.1,255.0
195,초밥_연어,한그릇,100.0,207.0,19.6,11.2,9.4,3.6,278.0
196,초밥_새우,한그릇,100.0,130.0,20.4,7.8,1.9,4.0,451.0
197,초밥_문어,한그릇,250.0,392.5,81.8,14.6,0.8,13.4,1200.0
198,초밥_모듬,한그릇,300.0,462.0,76.4,25.4,6.1,8.6,969.0
199,초밥_농어,한그릇,250.0,397.5,78.8,17.4,1.3,13.0,1035.0
200,초밥_광어,한그릇,300.0,453.0,77.6,27.1,3.9,7.7,810.0
201,초당순두부,국물,900.0,522.0,15.8,49.1,29.2,0.9,1206.0
202,초간장,기타,15.0,11.0,1.8,0.9,0.0,0.0,478.5
203,청포묵무침,반찬,150.0,64.5,9.8,2.0,2.5,1.1,423.0
204,청포묵국,국물,142.6,62.7,3.1,4.1,3.7,0.2,78.4
205,청포묵 무침,반찬,150.0,64.5,9.8,2.0,2.5,1.1,423.0
206,청어구이,반찬,200.0,258.0,0.4,16.4,20.1,0.0,782.0
207,청국장찌개_해물,국물,240.0,88.8,9.2,9.1,1.9,1.7,528.0
208,청국장찌개_배추김치,국물,210.0,60.9,6.5,5.3,1.8,1.6,405.3
209,청국장찌개_모듬,국물,240.0,100.8,11.0,9.1,2.3,2.1,580.8
210,청국장찌개_두부_채소,국물,100.0,79.0,2.9,6.3,4.6,2.0,447.0
211,청국장찌개,국물,200.0,94.0,3.8,10.1,4.2,0.0,484.0
212,청경채나물,반찬,100.0,14.0,1.6,1.1,0.6,0.2,156.0
213,천사채무침,반찬,220.0,160.6,6.5,7.3,12.1,1.4,545.6
214,채소튀김,반찬,100.0,101.0,11.6,1.3,5.3,1.4,138.0
215,채소죽_달걀,한그릇,600.0,366.0,59.3,8.4,10.1,2.2,498.0
216,채소죽,한그릇,254.9,119.8,24.7,2.5,0.8,2.0,305.9
217,채소전,반찬,132.4,270.1,33.9,6.1,11.3,1.2,327.0
218,채소밥,밥,338.4,389.2,78.7,8.8,3.1,1.2,456.8
219,채소 꼬치구이,반찬,150.0,136.5,21.4,4.2,3.4,1.5,609.0
220,찹쌀죽,한그릇,291.9,183.9,39.1,3.2,0.8,0.1,379.5
221,참치회덮밥_양념장,한그릇,600.0,456.0,72.8,28.4,4.9,9.9,528.0
222,참치찌개,국물,348.6,146.4,10.6,18.8,3.4,4.5,1066.7
223,참치죽,한그릇,600.0,360.0,50.7,14.4,10.8,2.2,732.0
224,참치덮밥,한그릇,580.0,626.4,92.3,33.6,12.4,11.9,1977.8
225,참치구이_머리,반찬,180.0,347.4,2.5,47.8,16.2,0.0,826.2
226,참치구이,반찬,64.4,204.8,0.0,21.6,12.2,0.0,727.7
227,참치강정,반찬,67.8,155.9,14.4,12.7,4.9,4.1,515.3
228,참치 완자전,반찬,57.8,127.2,8.6,10.9,5.1,1.0,556.0
229,참치 샐러드,반찬,101.6,203.2,3.0,11.0,16.4,2.0,153.4
230,참치 미역국,국물,320.0,83.2,3.0,10.6,3.7,0.0,947.2
231,참나물겉절이_고춧가루,반찬,190.0,34.2,5.5,1.4,1.1,2.1,271.7
232,참나물 무침_된장,반찬,50.0,7.5,0.9,0.4,0.4,0.1,49.5
233,참나물 겉절이_단감,반찬,50.0,11.0,1.7,0.5,0.4,0.5,47.5
234,참나물 겉절이_간장,반찬,190.0,34.2,5.5,1.3,1.1,2.1,283.1
235,참나물 겉절이,반찬,50.0,8.5,1.2,0.4,0.4,0.2,49.0
236,참나물,반찬,71.7,57.4,11.5,1.7,1.3,0.1,240.2
237,참깨죽,한그릇,100.0,38.0,5.9,1.0,1.2,0.0,120.0
238,찰밥,밥,450.0,540.0,115.9,9.9,1.5,0.6,4.5
239,차조밥,밥,290.0,345.1,74.8,6.3,0.6,0.1,5.8
240,차돌박이구이_소고기,반찬,100.0,488.0,1.3,17.9,45.7,0.3,93.0
241,쫄볶이,반찬,630.0,945.0,185.0,29.6,8.9,25.0,4107.6
242,쫄면,한그릇,220.0,248.6,51.4,7.1,1.6,8.6,1229.8
243,짬뽕밥,한그릇,1347.0,646.6,102.4,29.6,11.4,7.5,1198.8
244,짬뽕라면,한그릇,765.0,696.2,94.2,26.0,22.3,2.1,696.2
245,짬뽕_차돌박이,한그릇,100.0,88.0,9.8,4.6,3.4,0.7,342.0
246,짬뽕_삼선,한그릇,900.0,666.0,101.7,39.6,10.8,1.1,2691.0
247,짬뽕_백짬뽕,한그릇,100.0,63.0,8.5,3.7,1.5,0.2,280.0
248,짬뽕_굴,한그릇,900.0,684.0,115.6,32.8,9.6,1.7,2664.0
249,짬뽕,한그릇,637.46,465.3,76.0,17.8,8.1,2.9,796.8
250,짜장소스,한그릇,200.0,202.0,25.7,8.6,7.4,8.3,1076.0
251,짜장밥_오징어,한그릇,100.0,136.0,21.5,6.3,2.8,0.0,325.0
252,짜장밥,한그릇,520.0,483.6,81.0,14.8,10.1,11.1,936.0
253,짜장면,한그릇,650.0,682.5,135.8,26.0,8.1,9.8,1917.5
254,짜사이무침,반찬,50.0,21.5,1.8,0.2,1.5,1.4,473.5
255,지리탕_복,국물,600.0,234.0,10.3,41.7,2.7,1.4,1350.0
256,지리탕_대구,국물,600.0,264.0,9.9,41.6,6.2,1.5,1476.0
257,쥐포튀김,반찬,100.0,357.0,42.5,9.6,16.5,8.0,717.0
258,쥐포조림,반찬,45.3,87.9,10.4,8.6,1.3,6.8,272.7
259,쥐포무침,반찬,31.0,92.4,10.2,8.1,2.3,6.7,428.1
260,중식잡채,반찬,450.0,373.5,61.1,10.4,10.1,5.1,504.0
261,중식우동,한그릇,960.0,873.6,146.8,45.4,8.1,7.9,1939.2
262,죽순볶음_소고기,한그릇,230.0,276.0,8.7,31.5,12.9,4.8,492.2
263,죽순볶음,한그릇,58.5,77.8,3.6,2.5,6.3,0.9,0.6
264,주먹밥_참치,밥,300.0,393.0,63.5,14.2,8.1,1.9,450.0
265,주먹밥_소고기,밥,200.0,356.0,69.5,9.5,4.4,0.5,714.0
266,주먹밥_배추김치,밥,320.0,339.2,66.6,7.6,4.2,2.5,460.8
267,주먹밥_멸치,밥,150.0,312.0,54.3,9.0,6.6,0.9,496.5
268,주먹밥,밥,291.0,392.8,74.3,6.7,6.1,2.6,305.6
269,주꾸미삼겹살,반찬,100.0,161.0,10.7,10.1,8.7,5.4,280.0
270,주꾸미볶음_채소,반찬,315.0,233.1,25.2,21.9,6.0,9.9,447.3
271,주꾸미볶음,반찬,315.0,233.1,25.2,21.7,6.0,9.7,774.9
272,족발,반찬,100.0,220.0,0.0,28.9,11.6,0.3,332.0
273,조미 김구이,반찬,50.0,26.0,1.0,1.0,2.4,0.1,201.0
274,조기튀김,반찬,111.4,160.4,4.0,14.9,8.7,0.0,93.6
275,조기찜,반찬,241.9,171.7,6.2,22.3,6.1,2.1,304.8
276,조기찌개,국물,240.0,55.2,4.6,5.8,1.5,1.4,225.6
277,조기조림,반찬,300.0,384.0,12.8,41.1,18.8,4.5,1770.0
278,조기구이,반찬,59.54,122.1,2.5,13.6,5.8,0.0,438.8
279,조기 오븐구이,반찬,80.0,32.0,0.0,4.7,1.3,0.0,26.4
280,조기 양념구이,반찬,69.8,152.9,7.7,15.4,6.5,4.0,1139.8
281,조개탕,국물,300.0,36.0,2.1,5.4,0.4,0.5,333.0
282,조개젓_양념,반찬,100.0,103.0,12.6,8.6,2.0,6.5,3040.0
283,조개국_바지락,국물,550.0,159.5,10.1,22.0,3.1,1.3,1595.0
284,조개국,국물,400.0,64.0,1.0,6.7,3.6,0.7,1188.0
285,조개구이_키조개,반찬,180.0,234.0,18.8,31.4,3.7,6.5,817.2
286,조개 미역국,국물,300.0,33.0,2.9,4.5,0.7,0.2,723.0
287,제육볶음_채소,반찬,210.0,228.9,13.4,23.7,8.7,6.5,485.1
288,제육볶음_오징어,반찬,410.0,574.0,28.3,36.1,33.9,11.8,852.8
289,제육볶음,반찬,136.4,201.9,18.7,21.0,5.0,10.4,649.3
290,제육(돼지고기 수육),반찬,64.9,97.4,0.8,12.1,4.6,0.1,207.0
291,전어조림,반찬,157.4,94.4,3.0,14.2,1.9,1.1,146.4
292,전어구이,반찬,360.0,118.8,0.2,21.1,3.0,0.0,694.8
293,전복탕,국물,600.0,198.0,15.8,26.8,3.0,1.3,1776.0
294,전복죽,한그릇,600.0,444.0,75.9,15.0,7.9,0.6,870.0
295,전갱이구이,반찬,56.0,126.6,0.1,15.5,6.6,0.0,672.0
296,적어조림,반찬,203.9,110.1,6.8,14.3,1.9,2.2,289.5
297,적어구이,반찬,63.7,110.8,0.2,13.3,5.8,0.0,766.3
298,쟁반짜장,한그릇,900.0,1305.0,212.7,52.6,23.7,21.8,2889.0
299,쟁반국수,한그릇,550.0,616.0,104.8,22.5,12.6,16.0,885.5
300,재첩국,국물,320.0,60.8,3.4,7.4,2.0,0.4,713.6
301,장조림_우엉,반찬,100.0,149.0,34.4,2.1,0.3,17.4,1092.0
302,장조림_소고기_메추리알,반찬,50.0,60.5,2.9,8.1,1.8,0.7,602.0
303,장조림_소고기,반찬,100.0,69.0,4.8,10.4,0.9,1.0,543.0
304,장조림_메추리알,반찬,75.0,72.0,4.2,5.0,3.7,0.8,235.5
305,장조림_돼지고기_메추리알,반찬,50.0,63.5,3.4,8.3,1.8,1.3,583.0
306,장조림_달걀,반찬,100.0,138.0,8.7,9.8,7.1,6.9,628.0
307,장어튀김,반찬,67.2,140.4,4.5,6.9,9.9,0.0,604.1
308,장어탕,국물,800.0,536.0,29.4,34.6,31.3,21.3,3096.0
309,장어매운탕,국물,451.9,113.0,7.9,10.8,4.1,3.0,447.4
310,장어구이_양념,반찬,150.0,433.5,8.8,30.8,30.6,4.2,705.0
311,장어구이_소금,반찬,185.0,253.4,0.4,18.4,19.2,0.0,362.6
312,장어구이_붕장어_소금,반찬,100.0,297.0,11.6,26.0,16.2,0.4,125.0
313,장어구이_고추장,반찬,100.0,259.0,6.2,19.8,17.2,0.4,322.0
314,장어 초밥,한그릇,500.0,475.0,75.2,17.5,10.0,2.1,400.0
315,장어 양념구이_들깨,반찬,84.0,151.2,12.1,12.1,6.0,6.3,381.4
316,장어 양념구이,반찬,68.9,228.1,11.7,11.4,14.8,3.5,534.0
317,장어 덮밥,한그릇,500.0,475.0,75.2,17.5,10.0,2.1,400.0
318,장떡,반찬,70.0,137.9,19.1,2.6,5.3,1.6,186.9
319,장국국수,한그릇,800.0,576.0,78.6,26.4,14.7,2.2,1992.0
320,잣죽,한그릇,700.0,875.0,155.3,19.2,19.6,2.4,882.0
321,잡탕전골,국물,485.7,272.0,24.2,23.8,8.4,3.5,1355.1
322,잡탕밥,밥,550.0,632.5,102.5,30.2,10.1,1.5,484.0
323,잡채밥,밥,449.2,458.2,84.5,13.0,5.9,2.9,386.3
324,잡채_콩나물,반찬,230.0,154.1,28.9,4.4,2.2,21.6,1423.7
325,잡채_어묵,반찬,280.0,414.4,73.2,6.6,10.6,4.2,1201.2
326,잡채_소고기,반찬,118.7,125.8,19.9,3.4,3.8,2.8,295.6
327,잡채_부추,반찬,200.0,136.0,20.7,5.2,3.8,2.9,216.0
328,잡채_버섯_소고기,반찬,97.6,125.9,17.5,3.1,5.4,2.4,280.1
329,잡채_버섯,반찬,180.0,192.6,37.1,1.7,4.6,3.9,372.6
330,잡채_돼지고기,반찬,140.0,152.6,26.3,4.4,3.5,3.4,365.4
331,잡채_고추,반찬,200.0,256.0,26.2,11.0,12.0,2.1,828.0
332,잡채,반찬,200.0,292.0,48.5,9.4,6.6,1.5,720.0
333,잡곡죽,한그릇,324.6,262.9,46.1,11.4,3.8,1.6,383.0
334,잡곡밥_현미,밥,300.0,399.0,83.6,9.0,2.0,0.9,6.0
335,잡곡밥_서리태,밥,300.0,399.0,82.7,9.9,1.9,0.7,9.0
336,잡곡밥_보리_흑미,밥,300.0,405.0,85.0,9.0,1.9,0.8,3.0
337,잡곡밥_보리,밥,300.0,411.0,86.2,9.3,2.0,0.8,3.0
338,잡곡밥,밥,250.0,327.5,67.8,7.8,1.8,0.8,2.5
339,잔치국수,한그릇,800.0,488.0,84.6,19.2,6.7,6.6,2176.0
340,잔멸치볶음_홍고추_풋고추,반찬,50.0,114.0,2.9,16.6,4.0,1.9,1030.5
341,잔멸치볶음_풋고추,반찬,101.5,109.6,6.8,7.2,5.9,1.6,541.0
342,잔멸치볶음_잔멸치_꽈리고추,반찬,40.0,36.0,2.9,2.8,1.4,0.9,192.8
343,잔멸치볶음_잔멸치_견과류,반찬,50.0,73.5,4.1,4.9,4.3,1.5,260.5
344,잔멸치볶음_잔멸치,반찬,40.0,47.2,2.3,5.6,1.6,0.9,365.2
345,잔멸치볶음_모듬,반찬,110.0,126.5,7.2,11.7,5.6,2.7,772.2
346,잔멸치볶음_꽈리고추,반찬,50.0,146.5,4.6,12.4,8.7,2.9,633.0
347,잔멸치볶음_고추장,반찬,35.0,80.8,6.0,5.9,3.6,2.5,424.6
348,잔멸치볶음_견과류,반찬,50.0,194.0,11.3,12.2,11.1,7.3,876.5
349,잔멸치볶음_간장_고추장,반찬,110.0,119.9,7.4,12.4,4.3,3.0,866.8
350,잔멸치볶음_간장,반찬,61.0,118.3,6.2,9.1,6.1,2.9,720.4
351,잔멸치볶음,반찬,42.0,54.6,2.8,4.4,2.7,1.1,264.6
352,잔멸치 튀김,반찬,235.6,157.9,6.8,9.4,9.7,0.0,1201.6
353,자장밥,밥,470.0,573.4,73.2,20.1,22.2,0.1,1109.2
354,자장면_삼선,한그릇,700.0,805.0,126.6,33.7,18.1,10.2,2625.0
355,자장면,한그릇,600.0,990.0,174.4,32.4,15.1,17.3,2454.0
356,잉어 매운탕,국물,275.8,143.4,11.3,15.7,4.1,4.3,637.1
357,임연수튀김,반찬,73.0,132.1,6.8,9.3,6.9,0.0,465.7
358,임연수조림,반찬,56.0,80.6,3.9,8.9,3.1,2.2,160.7
359,임연수구이,반찬,77.9,199.4,0.6,20.6,11.8,0.0,757.2
360,은대구구이,반찬,100.0,137.0,0.0,9.2,10.5,0.0,762.0
361,율무죽,한그릇,100.0,77.0,13.8,3.3,1.0,0.1,1.0
362,율무밥,밥,190.0,224.2,48.5,4.3,0.3,0.0,3.8
363,육회비빔밥,한그릇,700.0,805.0,123.6,27.3,20.2,5.0,539.0
364,육회,반찬,150.0,195.0,12.2,14.9,9.6,7.9,627.0
365,육개장_소고기,국물,220.0,72.6,4.3,5.7,3.8,1.2,347.6
366,육개장_돼지고기,국물,320.0,147.2,11.1,18.6,3.9,3.5,595.2
367,육개장_닭고기,국물,210.0,92.4,3.8,9.2,4.3,1.0,359.1
368,육개장,국물,119.39,56.1,1.9,3.6,3.7,0.4,395.2
369,유채물김치,반찬,100.0,17.0,3.0,1.0,0.1,0.0,452.0
370,유채무침,반찬,79.2,47.5,9.9,2.7,0.5,4.9,179.8
371,유채나물_된장,반찬,80.0,24.0,2.9,2.2,0.8,0.6,145.6
372,유채나물_간장_소금,반찬,160.0,35.2,4.3,3.4,1.3,0.7,312.0
373,유채나물,반찬,90.0,86.4,7.0,5.2,4.1,1.8,1151.1
374,유채김치,반찬,100.0,62.0,10.1,3.5,0.8,0.0,926.0
375,유산슬,반찬,410.0,291.1,19.8,37.3,8.0,2.4,1890.1
376,유부조림,반찬,100.0,254.0,8.0,13.7,18.3,3.2,243.0
377,유부국,국물,190.0,32.3,2.1,2.1,1.9,0.4,307.8
378,유부 초밥,한그릇,298.4,593.8,82.0,17.3,20.1,6.7,399.9
379,유부 된장국_무,국물,320.0,252.8,8.7,16.6,16.7,1.7,1196.8
380,월남쌈,한그릇,250.0,295.0,30.6,14.8,12.4,13.8,575.0
381,울면,한그릇,1020.0,867.0,143.3,43.8,9.9,7.8,1611.6
382,우엉조림,반찬,40.0,41.6,6.6,1.5,1.2,1.8,142.4
383,우엉볶음,반찬,80.9,52.6,5.3,1.4,3.0,0.9,149.7
384,우엉 양념구이,반찬,216.2,144.9,26.1,3.7,3.0,3.4,129.7
385,우럭회덮밥_양념장,한그릇,750.0,502.5,86.0,26.2,5.8,11.6,480.0
386,우럭튀김,반찬,61.8,178.6,11.9,15.3,7.5,0.0,1185.9
387,우럭구이,반찬,100.0,111.0,0.4,13.5,5.7,0.0,703.0
388,우럭 매운탕,국물,700.0,203.0,19.8,24.5,4.2,4.8,1008.0
389,우동볶음,한그릇,300.0,384.0,74.4,8.4,6.0,1.3,771.0
390,우동_해물,한그릇,740.0,510.6,87.6,21.8,6.3,3.3,1583.6
391,우동_중식,한그릇,1000.0,650.0,85.4,29.5,21.0,1.1,3400.0
392,우동_일식,한그릇,700.0,420.0,74.2,13.4,7.9,2.4,2387.0
393,우동_삼선,한그릇,1000.0,690.0,105.9,47.9,8.5,0.8,2720.0
394,우동_배추김치,한그릇,770.0,500.5,93.2,14.2,6.1,3.5,1925.0
395,우동_김치,한그릇,800.0,504.0,99.1,15.5,4.6,2.2,2872.0
396,우동,한그릇,800.0,568.0,102.1,17.1,8.8,1.8,2160.0
397,우거지나물무침,반찬,150.0,129.0,8.7,4.5,8.5,1.5,772.5
398,완자조림,반찬,109.2,186.7,14.6,15.2,6.9,2.8,244.6
399,완자전_해물,반찬,200.0,444.0,36.1,22.9,23.2,6.8,1182.0
400,완자전_참치,반찬,200.0,346.0,27.1,30.0,13.0,7.4,1134.0
401,완자전_소고기(동그랑땡/육원전),반찬,150.0,309.0,12.7,19.6,20.0,1.0,553.5
402,완자전_소고기,반찬,200.0,324.0,9.4,37.5,15.1,0.4,762.0
403,완자전_돼지고기,반찬,200.0,278.0,13.0,29.6,11.9,5.1,1718.0
404,완자전,반찬,150.0,321.0,16.1,10.6,23.2,0.5,162.0
405,완두콩밥,밥,229.2,359.8,76.8,7.3,1.0,0.5,2.3
406,올갱이해장국,국물,184.2,75.5,6.4,7.4,2.5,1.4,631.8
407,올갱이국수,한그릇,1500.0,570.0,111.6,11.2,8.2,18.6,3870.0
408,올갱이국,국물,600.0,144.0,13.0,13.7,4.2,1.6,2016.0
409,옥수수샐러드_햄,반찬,112.4,213.6,12.8,8.7,14.3,2.2,240.5
410,옥수수샐러드,반찬,64.6,84.0,11.3,0.9,4.1,4.6,226.7
411,옥수수부침,반찬,130.9,230.4,30.0,3.9,10.4,3.1,768.4
412,옥수수밥,밥,215.0,365.5,77.9,7.5,1.6,1.9,2.2
413,옥수수구이_치즈,반찬,70.0,98.0,9.5,3.1,5.2,2.5,129.5
414,옥수수구이,반찬,90.0,133.2,13.9,1.3,8.1,3.6,155.7
415,옥수수_찐옥수수,반찬,200.0,370.0,68.4,13.4,4.8,4.7,180.0
416,옥돔구이,반찬,230.0,89.7,0.3,11.3,4.4,0.0,75.9
417,오징어포조림,반찬,67.6,89.9,8.8,10.5,1.2,3.9,303.5
418,오징어튀김,반찬,77.0,125.5,7.7,9.4,5.8,0.0,154.0
419,오징어탕수,반찬,105.8,261.3,21.5,18.1,10.9,8.9,351.3
420,오징어채조림,반찬,50.0,120.0,12.7,11.8,2.4,6.9,565.0
421,오징어채볶음,반찬,100.0,133.0,5.4,14.6,5.8,2.1,374.0
422,오징어채무침_채소,반찬,90.0,101.7,12.2,10.4,1.6,6.2,326.7
423,오징어채무침,반찬,80.0,206.4,22.7,18.9,4.4,15.0,1442.4
424,오징어찜,반찬,166.1,93.0,4.3,14.1,2.2,1.2,187.7
425,오징어찌개,국물,323.8,81.0,6.0,10.0,1.8,2.2,476.0
426,오징어조림,반찬,150.0,205.5,18.7,24.8,3.6,10.3,2203.5
427,오징어젓_양념,반찬,10.0,6.0,0.3,1.0,0.1,0.2,215.1
428,오징어순대,반찬,350.0,465.5,58.3,45.7,5.6,0.4,1260.0
429,오징어산적,반찬,80.0,101.6,3.6,17.4,2.0,0.9,476.8
430,오징어불고기,반찬,231.8,285.1,16.7,38.0,7.5,6.4,848.4
431,오징어볶음_채소,반찬,270.0,221.4,20.7,22.9,5.4,8.7,731.7
432,오징어볶음,반찬,270.0,221.4,20.7,23.0,5.4,8.6,729.0
433,오징어미역초무침,반찬,33.3,29.0,1.7,5.0,0.6,0.2,377.3
434,오징어무침_채소,반찬,240.0,148.8,18.2,14.0,2.2,13.3,388.8
435,오징어무침_미나리,반찬,49.7,53.2,5.5,6.5,0.8,3.0,179.9
436,오징어무침,반찬,70.4,58.4,5.7,6.8,1.0,3.5,134.5
437,오징어국,국물,190.0,41.8,2.7,6.4,0.7,0.8,294.5
438,오징어 덮밥_채소,한그릇,900.0,819.0,130.4,45.9,12.0,15.8,1233.0
439,오징어 덮밥,한그릇,420.0,394.8,72.9,18.5,2.0,4.6,327.6
440,오이지무침_고추,반찬,50.0,14.0,2.2,0.5,0.5,0.9,911.0
441,오이지무침,반찬,22.5,42.5,3.4,0.5,3.1,1.8,371.7
442,오이지,반찬,50.0,10.5,1.4,0.4,0.4,0.0,1025.0
443,오이장아찌,반찬,57.9,41.1,4.5,1.1,2.2,2.3,1152.8
444,오이소박이,반찬,100.0,37.0,5.9,1.9,0.6,3.1,454.0
445,오이생채_오이만,반찬,100.0,51.0,6.6,1.6,2.1,4.8,498.0
446,오이생채_오이_부추,반찬,90.0,32.4,5.8,1.5,0.9,2.9,231.3
447,오이생채_오이_달래,반찬,50.0,18.0,3.4,0.6,0.5,1.8,120.5
448,오이생채_오이,반찬,50.0,13.0,2.6,0.6,0.2,1.4,102.5
449,오이생채_양파,반찬,100.0,24.0,4.6,1.3,0.4,2.3,154.0
450,오이생채_부추,반찬,60.0,14.4,2.6,0.6,0.3,1.3,111.6
451,오이생채_고추장,반찬,85.0,19.6,3.7,0.8,0.4,2.0,221.8
452,오이생채,반찬,50.0,34.5,4.5,0.9,1.4,4.0,237.0
453,오이부추무침,반찬,50.0,13.0,2.8,0.4,0.2,1.3,103.0
454,오이무침_양파,반찬,50.0,13.0,2.6,0.6,0.2,1.4,102.5
455,오이무침_부추,반찬,100.0,31.0,5.0,2.0,0.4,4.2,1070.0
456,오이무침_달래,반찬,70.0,19.6,4.0,0.8,0.3,2.0,175.7
457,오이무침,반찬,46.6,28.0,3.8,0.8,1.3,1.5,201.8
458,오이모듬무침,반찬,70.0,23.8,4.8,1.0,0.4,2.7,213.5
459,오이냉국_미역,국물,134.4,9.4,1.8,0.9,0.2,0.4,454.3
460,오이냉국,국물,156.1,9.4,1.0,0.5,0.5,0.4,168.6
461,오이나물,반찬,108.1,78.9,3.2,1.4,6.9,1.1,338.4
462,오이김치,반찬,100.0,39.0,7.8,2.5,0.3,2.3,1894.0
463,오이고추 된장무침,반찬,50.0,16.0,2.6,0.7,0.5,0.7,156.5
464,오이 미역냉국,국물,270.0,35.1,7.9,1.9,0.6,5.0,912.6
465,오이 물김치,반찬,100.0,51.0,8.7,2.9,1.3,4.2,2268.0
466,오이 도라지 생채,반찬,130.0,53.3,11.4,1.7,0.7,4.8,286.0
467,오븐스파게티,한그릇,700.0,854.0,117.4,39.2,24.4,12.2,840.0
468,오믈렛,반찬,198.0,154.4,2.6,8.9,11.5,1.3,439.6
469,오므라이스,밥,374.5,397.0,69.2,10.9,7.0,4.8,516.8
470,오리탕,국물,237.0,187.2,18.3,9.2,8.4,2.8,502.4
471,오리죽,한그릇,400.0,620.0,79.8,30.0,20.0,0.0,248.0
472,오리불고기,반찬,127.3,165.5,12.2,18.2,4.8,7.6,318.2
473,오리볶음,반찬,420.0,718.2,30.7,44.0,47.3,11.1,1066.8
474,오리백숙,국물,270.6,408.6,36.3,20.3,19.2,0.6,1417.9
475,오리고기로스,반찬,330.0,574.2,1.6,38.8,44.6,0.9,531.3
476,오리고기구이,반찬,200.0,586.0,9.8,48.1,39.4,0.0,1416.0
477,오리감자죽,한그릇,302.0,292.9,45.6,11.2,6.5,0.8,365.4
478,오리 간장불고기,반찬,180.0,176.4,11.1,22.7,4.3,5.3,563.4
479,오곡밥,밥,204.0,338.6,69.9,9.0,1.4,0.4,463.1
480,오겹살구이_돼지고기,반찬,100.0,408.0,2.7,20.2,35.1,0.7,76.0
481,영양돌솥밥,밥,350.0,644.0,126.2,12.0,10.0,2.2,21.0
482,열무얼갈이김치,반찬,50.0,17.5,2.6,1.1,0.3,0.5,340.0
483,열무물김치,반찬,100.0,18.0,2.9,1.4,0.1,1.7,493.0
484,열무나물_된장,반찬,40.0,14.4,1.5,0.9,0.7,0.3,117.6
485,열무나물_간장,반찬,42.4,14.4,2.3,1.2,0.3,0.6,308.7
486,열무나물,반찬,90.0,73.8,4.3,3.5,4.8,0.5,414.0
487,열무김치,반찬,100.0,36.0,5.9,2.4,0.4,0.7,583.0
488,열무 비빔밥,한그릇,600.0,534.0,101.2,13.8,6.8,3.7,672.0
489,열무 된장국,국물,152.5,30.5,3.2,3.2,0.8,0.7,515.4
490,열무 겉절이,반찬,68.8,17.2,3.3,1.1,0.2,1.2,776.8
491,연포탕,국물,1000.0,540.0,20.2,94.9,9.0,0.2,2340.0
492,연잎밥,밥,100.0,207.0,47.0,4.0,0.3,0.0,178.0
493,연어튀김,반찬,70.9,105.6,6.8,9.3,4.0,0.0,688.4
494,연어롤,밥,300.0,510.0,74.3,18.6,15.4,8.5,1212.0
495,연어구이,반찬,86.9,119.9,0.2,14.4,6.3,0.0,738.7
496,연두부찜,반찬,108.2,82.2,6.9,5.0,3.9,1.3,167.7
497,연두부찌개,국물,257.8,108.3,6.7,12.4,3.8,2.4,750.2
498,연근튀김,반찬,41.7,87.2,9.2,1.8,4.6,0.5,230.6
499,연근조림,반찬,40.0,28.4,5.7,0.6,0.4,1.1,117.2
500,연근전,반찬,108.4,88.9,11.1,2.1,3.8,0.6,15.2
501,얼갈이배추김치,반찬,80.0,50.4,8.8,1.3,1.2,0.3,196.8
502,얼갈이겉절이,반찬,130.0,32.5,5.3,1.5,0.9,2.1,297.7
503,얼갈이 된장국,국물,300.0,30.0,4.5,2.4,0.8,1.1,561.0
504,얼갈이 나물,반찬,100.0,48.0,4.0,1.9,3.0,0.7,1483.0
505,얼갈이 겉절이,반찬,100.0,22.0,4.1,1.3,0.4,2.0,224.0
506,어탕,국물,150.0,85.5,1.8,12.7,3.1,0.0,484.5
507,어죽,한그릇,800.0,552.0,100.8,20.4,7.5,9.8,2104.0
508,어육소시지전,반찬,80.0,141.6,10.2,6.6,8.1,1.6,352.8
509,어묵튀김,반찬,94.0,169.2,14.4,8.0,8.5,1.8,750.1
510,어묵탕_고춧가루,국물,600.0,216.0,27.8,15.0,5.3,5.4,1440.0
511,어묵탕,국물,600.0,180.0,23.5,12.6,4.4,4.3,1530.0
512,어묵조림_풋고추,반찬,82.5,141.9,17.5,7.7,4.7,5.4,833.2
513,어묵조림,반찬,52.4,87.0,9.3,4.4,3.6,2.4,388.3
514,어묵전,반찬,63.8,213.1,22.6,9.8,8.8,1.8,712.0
515,어묵잡채,반찬,99.6,127.5,10.1,6.7,6.5,2.3,430.3
516,어묵볶음_채소,반찬,90.0,136.8,15.5,5.7,5.8,1.1,568.8
517,어묵볶음_어묵_채소,반찬,100.0,78.0,8.9,3.6,3.2,2.2,296.0
518,어묵볶음_어묵,반찬,100.0,89.0,11.0,5.1,2.9,2.4,399.0
519,어묵볶음,반찬,53.3,58.6,5.6,2.5,2.9,1.7,242.0
520,어묵국물,국물,300.0,21.0,3.2,1.5,0.4,0.4,702.0
521,어묵국(어묵탕)_고춧가루 제외,국물,190.0,47.5,6.5,3.2,1.1,1.3,383.8
522,어묵국(어묵탕)_고춧가루,국물,230.0,69.0,9.9,4.4,1.6,2.2,579.6
523,어묵국(어묵탕),국물,350.0,108.5,13.4,5.2,3.6,0.2,791.0
524,어묵국,국물,210.0,105.0,13.3,8.2,2.5,2.5,980.7
525,어묵 우동,한그릇,630.0,384.3,70.7,12.0,4.5,0.9,1549.8
526,어묵 오이무침,반찬,42.6,54.1,7.8,3.3,1.3,2.4,226.2
527,어묵 매운탕,국물,190.6,76.2,11.2,5.3,1.6,3.0,447.9
528,어묵 감자볶음,반찬,41.1,85.5,9.7,3.4,3.7,1.8,228.5
529,양파장아찌,반찬,50.0,31.5,8.0,0.3,0.0,7.7,3025.0
530,양파볶음,반찬,80.0,44.8,7.6,0.8,1.2,7.3,219.2
531,양파링튀김,반찬,100.0,411.0,43.6,3.9,25.2,5.4,776.0
532,양파 소고기전,반찬,82.0,127.1,7.3,4.1,8.7,2.9,356.7
533,양태구이,반찬,100.0,107.0,0.1,14.0,5.1,0.0,672.0
534,양장피,반찬,344.4,279.0,18.4,36.9,6.2,10.8,1246.7
535,양송이버섯볶음_소고기,반찬,82.7,69.5,3.2,3.4,5.2,1.3,244.0
536,양송이 덮밥,한그릇,572.0,532.0,112.3,10.9,3.7,7.3,263.1
537,양상추 샐러드,반찬,85.0,66.3,4.1,0.9,5.3,2.8,74.0
538,양배추오이  샐러드,반찬,34.1,64.1,2.8,0.6,5.8,1.5,40.9
539,양배추부추무침,반찬,90.6,30.8,6.1,1.7,0.5,3.1,296.3
540,양배추나물,반찬,40.2,28.5,3.5,0.9,1.5,1.8,321.2
541,양배추김치,반찬,54.7,21.3,4.5,1.2,0.2,2.2,1148.2
542,양배추 초나물,반찬,113.3,73.6,10.7,2.3,3.1,6.4,198.3
543,양배추 샐러드,반찬,122.2,121.0,5.3,1.1,10.9,2.7,177.2
544,양배추 사과 샐러드,반찬,55.4,75.3,5.6,0.4,5.9,4.0,40.4
545,양배추 된장국,국물,184.4,62.7,7.2,5.3,1.6,3.0,577.2
546,양배추 겉절이,반찬,42.2,19.4,3.3,0.8,0.6,1.6,183.1
547,양미리조림,한그릇,123.2,176.2,6.9,22.3,5.5,1.9,352.4
548,양념초장,기타,5.0,6.7,1.1,0.5,0.1,0.1,239.2
549,양념채김치,반찬,190.3,100.9,14.3,6.3,2.9,6.9,2026.7
550,양념두부,반찬,66.4,45.2,2.0,4.1,2.3,0.1,69.7
551,양념 오징어젓_낙지,반찬,15.0,9.9,0.8,1.2,0.2,0.2,302.0
552,양념 오징어젓,반찬,69.1,77.4,10.9,3.5,2.3,5.5,686.9
553,양념 새우젓,반찬,15.0,10.0,1.0,1.1,0.2,0.2,879.4
554,양념 바지락젓,반찬,12.5,6.2,0.3,0.7,0.2,0.1,0.1
555,양념 돼지고기튀김,반찬,192.5,363.8,26.7,24.8,16.5,4.2,668.0
556,양념 도토리묵,반찬,116.9,64.3,11.6,1.3,1.5,0.2,424.3
557,애호박찜,반찬,128.7,46.3,5.7,2.2,1.9,2.5,738.7
558,애호박찌개_두부,국물,222.0,86.6,8.4,8.2,2.3,1.7,426.2
559,애호박찌개_감자,국물,305.0,115.9,11.8,11.3,2.9,2.5,640.5
560,애호박찌개,국물,227.0,38.6,8.0,2.0,0.4,3.5,599.3
561,애호박죽,한그릇,171.5,132.1,25.7,2.4,1.6,0.7,97.8
562,애호박전,반찬,60.0,75.6,7.3,2.1,4.2,1.2,93.0
563,애호박부침개_새우,반찬,119.7,168.8,19.4,7.7,6.3,1.6,59.8
564,애호박부침개,반찬,53.4,84.9,10.4,2.5,3.5,0.6,229.1
565,애호박볶음,반찬,50.0,29.5,2.6,0.7,1.8,0.2,223.5
566,애호박나물,반찬,50.0,18.5,2.8,0.6,0.7,1.3,81.0
567,애호박 볶음,반찬,49.4,31.6,2.1,0.5,2.4,0.9,100.8
568,애호박 된장국,국물,320.0,73.6,10.2,6.4,1.5,3.1,905.6
569,애호박 감자된장국_바지락,국물,222.2,51.1,7.0,4.2,0.7,1.5,411.1
570,알탕_해물,국물,940.0,432.4,21.5,64.1,9.7,5.2,1466.4
571,알탕,국물,198.8,49.7,4.8,5.6,1.0,1.3,204.8
572,알밥,밥,500.0,430.0,78.4,11.5,7.2,2.3,755.0
573,아욱 된장국_건새우,국물,188.4,35.8,5.4,3.2,0.7,0.8,472.9
574,아욱 된장국,국물,190.0,28.5,4.7,2.1,0.5,0.8,372.4
575,아귀찜,반찬,200.0,168.0,14.5,13.4,6.3,5.5,784.0
576,아귀지리,국물,540.0,113.4,4.8,21.4,0.7,1.1,469.8
577,아귀 매운탕,국물,333.1,123.2,12.1,15.3,2.3,3.5,692.8
578,아구탕,국물,600.0,246.0,12.8,37.8,4.9,1.8,1866.0
579,씀바귀나물무침,반찬,90.0,87.3,14.9,3.5,1.6,1.2,183.6
580,씀바귀나물,반찬,60.0,22.8,3.9,0.9,0.7,1.1,177.6
581,쑥튀김,반찬,60.3,141.1,12.0,4.0,8.3,0.1,332.9
582,쑥전(부침개),반찬,96.5,122.6,13.0,4.6,6.1,0.0,519.2
583,쑥갓오이무침,반찬,126.4,46.8,7.0,2.4,1.3,0.5,197.2
584,쑥갓무침,반찬,34.2,13.7,1.4,0.9,0.7,0.1,81.1
585,쑥갓나물무침,반찬,150.0,96.0,6.6,4.5,5.7,0.3,709.5
586,쑥갓나물_소금,반찬,70.0,18.2,2.3,1.3,0.8,0.1,364.0
587,쑥갓나물_모듬채소,반찬,50.0,12.5,1.1,1.0,0.6,0.0,110.5
588,쑥갓나물_두부,반찬,50.0,16.5,1.1,1.6,0.7,0.0,98.0
589,쑥갓나물_고춧가루,반찬,45.0,20.2,2.0,1.2,1.0,0.2,234.0
590,쑥갓나물,반찬,50.0,9.5,0.9,0.6,0.5,0.0,137.5
591,쑥 된장국,국물,280.0,39.2,4.6,2.8,1.3,0.8,456.4
592,쌈장,기타,22.1,31.4,4.4,1.4,1.0,1.9,516.0
593,쌀죽(흰죽)_칠분도미,한그릇,100.0,68.0,15.6,1.1,0.2,0.1,0.0
594,쌀죽(흰죽)_오대,한그릇,100.0,52.0,11.2,1.0,0.2,0.0,0.0
595,쌀죽(흰죽)_신동진,한그릇,100.0,53.0,11.4,1.0,0.2,0.0,0.0
596,쌀죽(흰죽)_새일미,한그릇,100.0,55.0,11.7,1.1,0.2,0.0,0.0
597,쌀죽(흰죽)_삼광,한그릇,100.0,53.0,11.5,0.9,0.1,0.0,0.0
598,쌀죽(흰죽),한그릇,100.0,52.0,11.4,1.3,0.2,0.0,29.0
599,쌀밥,밥,250.0,300.0,64.4,5.5,0.8,0.4,2.5
600,쌀국수,한그릇,600.0,318.0,55.1,15.6,4.2,4.3,1650.0
601,식빵튀김,반찬,41.7,109.3,15.4,2.5,4.1,2.8,142.6
602,시래기나물무침,반찬,50.0,57.0,3.9,2.2,3.6,0.3,257.0
603,시래기나물_간장_소금,반찬,75.0,22.5,2.0,0.7,1.4,0.1,147.8
604,시래기나물,반찬,44.1,25.6,4.6,0.9,0.7,1.4,459.1
605,시래기 된장국,국물,190.0,32.3,4.5,2.1,1.0,0.9,520.6
606,시금치나물_소금,반찬,70.0,34.3,3.7,2.7,1.6,0.2,483.7
607,시금치나물_당근,반찬,50.0,11.5,1.4,0.8,0.5,0.3,111.0
608,시금치나물_고추장,반찬,50.0,12.0,1.6,0.8,0.5,0.4,100.0
609,시금치나물_간장_소금,반찬,150.0,37.5,4.9,2.4,1.5,1.4,325.5
610,시금치나물_간장,반찬,55.0,19.2,2.5,1.3,0.8,0.7,246.4
611,시금치나물,반찬,150.0,37.5,4.8,2.4,1.5,1.4,330.0
612,시금치 된장국,국물,190.0,28.5,4.2,2.3,0.6,1.2,497.8
613,시금치 겉절이,반찬,80.9,43.7,5.1,2.4,2.0,1.2,288.8
614,스프_크림,한그릇,100.0,45.0,7.0,0.6,1.6,1.3,251.0
615,스프_옥수수,한그릇,200.0,92.0,14.7,1.7,3.0,5.3,458.0
616,스프_양송이버섯,한그릇,100.0,105.0,8.1,2.4,7.0,2.5,170.0
617,스프_소고기,한그릇,100.0,40.0,6.9,1.1,0.9,2.7,312.0
618,스프_감자,한그릇,100.0,98.0,7.9,1.9,6.5,3.6,196.0
619,스파게티_해물_토마토소스,한그릇,500.0,585.0,87.2,28.0,13.8,13.5,1535.0
620,스파게티_해물_크림소스,한그릇,500.0,920.0,87.0,30.4,49.8,8.4,1325.0
621,스파게티_토마토소스,한그릇,360.0,417.6,81.0,12.8,5.0,13.8,745.2
622,스파게티_크림소스,한그릇,400.0,836.0,73.8,21.8,50.6,9.2,1032.0
623,스파게티_오일소스,한그릇,400.0,648.0,89.4,19.6,23.4,1.4,1124.0
624,스파게티_미트소스,한그릇,350.0,378.0,65.0,15.2,6.4,9.9,479.5
625,스파게티_미트볼,한그릇,500.0,900.0,88.1,36.7,44.4,4.4,1090.0
626,스파게티_로제소스,한그릇,100.0,171.0,17.3,5.2,9.0,3.3,244.0
627,스파게티_까르보나라소스,한그릇,100.0,235.0,19.6,5.7,14.8,2.0,241.0
628,스파게티,한그릇,442.6,442.6,82.7,14.2,6.7,9.8,159.3
629,스테이크_소안심,반찬,200.0,366.0,0.3,69.6,9.7,0.0,206.0
630,스테이크_소등심,반찬,200.0,388.0,0.3,60.4,16.1,0.0,268.0
631,스크램블드에그,반찬,68.4,112.2,0.5,8.7,7.7,0.1,429.6
632,숭어 매운탕,국물,275.8,140.7,11.3,18.8,2.4,4.3,664.7
633,순두부찌개_해물,국물,190.0,55.1,2.7,7.8,1.6,1.2,254.6
634,순두부찌개_배추김치_돼지고기,국물,190.0,55.1,2.9,6.7,1.9,1.3,285.0
635,순두부찌개_모듬,국물,150.0,37.5,2.0,4.5,1.3,0.9,183.0
636,순두부찌개_김치,국물,200.0,70.0,4.3,6.0,3.2,0.6,302.0
637,순대전골,국물,450.0,342.0,28.3,25.2,14.3,3.1,720.0
638,순대볶음_채소,반찬,220.0,217.8,38.0,4.4,5.9,5.6,734.8
639,순대볶음_백순대,반찬,100.0,196.0,22.4,3.6,10.2,1.7,443.0
640,순대볶음_떡,반찬,350.0,322.0,46.4,9.6,12.0,8.0,756.0
641,순대볶음_곱창,반찬,625.0,718.8,82.4,34.1,29.6,16.4,1950.0
642,순대볶음,반찬,130.0,131.3,16.0,4.1,5.9,3.1,338.0
643,순대국,국물,397.5,99.4,6.2,8.0,5.1,1.4,508.8
644,순대,반찬,64.1,161.5,20.6,6.2,5.7,0.7,756.4
645,순 현미밥,밥,250.0,322.5,69.0,6.5,1.8,1.0,20.0
646,숙주미나리나물,반찬,60.0,10.2,1.1,0.6,0.5,0.2,94.8
647,숙주나물_숙주_채소,반찬,170.0,25.5,2.8,1.6,1.2,0.5,297.5
648,숙주나물_숙주_게맛살,반찬,90.0,25.2,3.3,1.7,0.8,0.7,252.0
649,숙주나물_숙주,반찬,70.0,11.9,1.1,0.8,0.7,0.0,117.6
650,숙주나물_미나리,반찬,170.0,30.6,3.3,1.9,1.4,0.7,280.5
651,숙주나물,반찬,70.0,7.0,0.6,0.6,0.4,0.1,140.0
652,수제비_김치,한그릇,320.0,214.4,41.0,8.3,0.9,1.1,569.6
653,수제비_감자,한그릇,247.5,217.8,43.7,7.2,0.7,1.2,237.6
654,수제비,한그릇,650.0,377.0,72.0,15.0,3.4,0.0,923.0
655,수육_소고기_꼬리,반찬,180.0,151.2,0.0,10.8,11.3,0.0,28.8
656,수육_소고기,반찬,300.0,498.0,6.1,85.3,14.8,0.3,93.0
657,수수밥,밥,190.0,229.9,50.2,4.3,0.3,0.0,3.8
658,수란_중탕,반찬,100.0,145.0,0.2,12.3,11.7,0.0,110.0
659,송어 매운탕,국물,275.8,148.9,11.1,18.2,3.7,4.3,681.2
660,소탕,국물,150.0,87.0,1.9,7.6,5.4,0.0,354.0
661,소안심스테이크,반찬,232.0,457.0,6.1,38.5,29.0,3.6,561.4
662,소시지튀김,반찬,75.7,233.9,14.9,10.4,14.1,1.0,715.4
663,소시지조림_어묵,반찬,71.8,160.1,11.5,7.8,9.2,3.2,489.7
664,소시지조림,반찬,53.2,104.3,6.7,6.1,5.9,2.4,600.1
665,소시지볶음_채소,반찬,200.0,238.0,13.6,11.5,15.2,4.4,782.0
666,소시지볶음,반찬,170.0,224.4,13.2,11.6,14.0,4.2,719.1
667,소시지 케첩볶음,반찬,98.6,248.5,12.7,11.3,16.8,4.6,622.2
668,소사태찜,반찬,95.3,130.6,9.9,12.0,4.4,2.8,234.4
669,소불고기_버섯,반찬,480.0,465.6,31.6,29.1,25.7,11.4,1027.2
670,소불고기,반찬,73.4,212.1,3.5,9.8,16.8,2.6,177.6
671,소라산적,반찬,80.0,120.0,6.4,17.9,2.5,0.8,396.8
672,소라무침,반찬,91.0,111.0,6.8,17.0,1.4,1.8,50.1
673,소등심구이,반찬,127.7,408.6,0.3,20.3,34.2,0.0,324.4
674,소등심 스테이크,반찬,250.0,675.0,2.2,31.5,56.8,0.8,900.0
675,소내장구이,반찬,260.0,239.2,2.0,17.6,17.0,0.3,148.2
676,소곱창 볶음,반찬,99.2,176.6,5.0,8.9,13.5,1.8,366.0
677,소곱창 구이,반찬,66.2,113.2,2.5,5.8,7.9,1.6,196.0
678,소고기튀김,반찬,114.2,294.6,11.5,11.9,21.6,2.1,488.8
679,소고기채소볶음,반찬,191.8,245.5,6.4,9.8,19.3,4.2,222.5
680,소고기찜,반찬,196.9,230.4,9.7,10.8,16.8,5.0,320.9
681,소고기전골,국물,300.0,189.0,1.4,23.7,9.7,0.2,897.0
682,소고기육개장,국물,220.0,70.4,4.6,5.7,3.7,1.2,321.2
683,소고기스튜,반찬,127.6,238.6,11.8,12.9,14.9,2.9,395.6
684,소고기샤브샤브,국물,930.0,427.8,37.9,27.4,19.0,3.7,1060.2
685,소고기산적,반찬,200.0,454.0,7.3,48.4,25.6,0.0,1392.0
686,소고기볶음_채소,반찬,180.0,131.4,7.1,11.2,6.4,2.2,228.6
687,소고기볶음_버섯,반찬,230.0,331.2,15.9,26.7,17.8,6.6,848.7
688,소고기볶음_고추장,반찬,220.0,433.4,23.5,31.6,23.7,21.3,1218.8
689,소고기볶음,반찬,147.9,241.1,4.6,10.4,19.3,2.0,467.4
690,소고기버섯죽,한그릇,168.2,166.5,25.3,4.5,4.9,0.1,280.9
691,소고기국_무_당면,국물,563.0,191.4,16.4,10.1,9.4,0.8,33.8
692,소고기 장조림_메추리알,반찬,50.0,76.0,3.1,7.2,3.6,0.7,318.0
693,소고기 장조림_꽈리고추,반찬,86.6,114.3,7.1,12.7,3.7,4.3,439.9
694,소고기 장조림,반찬,56.6,130.2,2.9,16.8,5.1,1.5,275.1
695,소고기 완자전,반찬,46.2,145.1,4.6,6.5,10.6,0.1,223.1
696,소고기 샤브샤브,국물,930.0,437.1,38.1,27.9,19.3,3.5,1041.6
697,소고기 미역국_바지락,국물,300.0,33.0,2.7,3.3,1.7,0.1,729.0
698,소고기 미역국_떡,국물,190.0,45.6,2.2,3.2,2.6,0.1,338.2
699,소고기 미역국,국물,200.0,46.0,1.1,3.8,3.1,0.0,434.0
700,소고기 무국_콩나물,국물,170.0,45.9,1.8,3.2,2.8,0.6,193.8
701,소고기 무국,국물,251.9,57.9,1.3,4.0,3.8,0.4,340.1
702,소고기 떡찜,반찬,78.4,237.6,25.2,8.3,11.4,1.1,279.9
703,소고기 두부국,국물,320.0,108.8,2.0,9.0,7.0,0.1,512.0
704,소고기 덮밥,한그릇,667.5,727.6,96.1,38.0,18.6,7.0,894.4
705,소고기 국밥_내장,한그릇,932.1,577.9,102.7,20.5,7.0,2.1,792.3
706,소고기 국밥,한그릇,809.0,533.9,101.4,18.6,4.5,3.3,1003.2
707,소고기 감자죽,한그릇,247.9,203.3,27.7,6.4,6.7,0.5,213.2
708,소갈비찜_해물,반찬,1120.0,1534.4,96.9,127.8,68.4,7.8,1937.6
709,소갈비찜,반찬,750.0,832.5,48.4,40.4,53.1,21.9,2182.5
710,소갈비 구이,반찬,141.4,296.9,9.0,14.4,21.5,4.9,581.2
711,소간 채소볶음,반찬,104.2,125.0,8.1,10.9,5.5,3.9,518.9
712,세발낙지찜,반찬,600.0,444.0,22.8,33.0,25.9,5.4,1410.0
713,세발낙지볶음,반찬,256.0,174.1,20.2,12.0,5.9,11.7,1131.5
714,세발나물무침,반찬,100.0,78.0,7.0,3.0,4.2,3.7,701.0
715,설렁탕,국물,500.0,120.0,1.8,21.3,2.9,0.0,110.0
716,선짓국_내장,국물,600.0,270.0,11.8,32.4,9.8,2.2,1902.0
717,선짓국,국물,220.5,88.2,7.7,7.5,3.4,1.8,1045.2
718,선지해장국_내장,국물,600.0,204.0,12.4,26.4,5.9,2.5,1668.0
719,섞어찌개(모듬찌개),국물,481.0,187.6,17.9,8.2,10.1,4.3,933.1
720,섞박지,반찬,69.9,24.5,3.5,1.3,0.9,1.2,944.3
721,서대구이,반찬,79.2,127.5,0.6,19.9,4.6,0.0,932.2
722,샤브샤브_소고기,국물,600.0,258.0,10.8,32.3,9.7,8.9,576.0
723,샤브샤브_버섯,국물,350.0,105.0,5.5,13.6,3.2,1.9,178.5
724,생선전_동태,반찬,150.0,268.5,10.5,22.6,15.0,0.2,702.0
725,생선전_가자미,반찬,150.0,231.0,6.9,25.8,11.1,0.3,819.0
726,생선까스_소스,반찬,220.0,510.4,16.0,16.7,41.7,1.2,442.2
727,생선까스,반찬,200.0,654.0,46.6,24.3,41.1,2.0,788.0
728,샐러드_채소,반찬,160.0,232.0,8.2,1.9,21.4,7.6,118.4
729,샐러드_참치,반찬,150.0,226.5,11.3,16.2,13.0,10.4,448.5
730,샐러드_옥수수,반찬,130.0,170.3,16.3,1.7,11.0,5.3,221.0
731,샐러드_양상추,반찬,150.0,189.0,5.1,7.4,15.4,2.4,237.0
732,샐러드_양배추_코올슬로,반찬,100.0,153.0,14.9,1.0,9.9,12.2,203.0
733,샐러드_양배추,반찬,150.0,225.0,12.7,4.0,17.6,11.9,145.5
734,샐러드_새싹,반찬,100.0,74.0,5.0,2.8,4.8,2.3,156.0
735,샐러드_마카로니,반찬,170.0,238.0,23.4,4.0,13.9,4.6,210.8
736,샐러드_닭가슴살,반찬,150.0,202.5,8.0,10.8,14.2,4.9,132.0
737,샐러드_단호박,반찬,150.0,243.0,28.2,2.2,13.5,21.5,105.0
738,샐러드_고구마,반찬,100.0,185.0,26.8,1.8,7.8,15.0,125.0
739,샐러드_감자,반찬,80.0,130.4,12.5,2.2,8.1,2.5,252.8
740,새우튀김롤,밥,300.0,606.0,96.3,14.5,18.2,11.1,1392.0
741,새우튀김,반찬,117.6,170.5,19.5,8.3,6.5,2.6,378.7
742,새우탕,국물,500.0,165.0,10.0,25.8,2.2,0.3,1340.0
743,새우조림,반찬,322.0,231.8,11.7,28.3,7.3,2.0,1159.2
744,새우젓국,국물,320.0,73.6,7.1,6.4,2.3,2.4,883.2
745,새우젓_양념,반찬,10.0,6.9,0.6,0.7,0.2,0.0,740.2
746,새우전,반찬,65.9,174.0,8.9,15.2,7.8,0.0,519.3
747,새우볶음,반찬,200.0,166.0,11.9,19.8,4.4,8.0,652.0
748,새우무침,반찬,27.0,86.7,4.2,10.0,3.2,2.2,124.7
749,새우구이,반찬,180.0,261.0,5.1,42.1,8.0,0.1,594.0
750,새우 탕수,반찬,105.8,262.4,21.1,19.3,10.5,8.9,412.6
751,새싹 샐러드,반찬,104.4,122.1,5.2,1.5,11.1,2.6,77.3
752,새송이버섯전,반찬,95.0,59.8,5.6,3.0,3.5,0.2,88.4
753,새송이버섯볶음_새송이버섯_채소,반찬,70.0,17.5,2.5,1.0,1.0,0.4,102.2
754,새송이버섯 구이,반찬,75.4,43.7,3.1,1.2,3.6,0.5,150.8
755,상추겉절이,반찬,50.0,14.5,2.0,0.6,0.6,1.0,87.5
756,상추 겉절이,반찬,80.0,19.2,3.1,0.9,0.6,1.5,140.0
757,삼치튀김,반찬,63.9,86.9,2.4,8.8,4.4,0.0,593.6
758,삼치찌개,국물,297.0,148.5,9.9,18.4,3.8,3.2,1030.6
759,삼치조림,반찬,95.0,59.8,4.2,7.3,1.4,1.6,286.0
760,삼치구이,반찬,380.0,243.2,1.8,36.3,9.0,0.0,630.8
761,삼치 카레구이,한그릇,75.6,161.0,2.8,20.5,6.8,0.3,241.9
762,삼치 양념구이,반찬,68.6,129.7,10.6,15.6,2.8,2.9,391.0
763,삼색냉채,반찬,150.0,102.0,10.8,8.4,2.8,6.0,547.5
764,삼색 오이냉국,국물,160.0,27.2,5.6,1.0,0.3,4.3,374.4
765,삼계탕,국물,900.0,792.0,50.8,66.8,33.8,4.3,522.0
766,삼겹살볶음_세발낙지,반찬,89.9,216.7,8.0,8.9,16.7,4.9,278.7
767,삼겹살볶음_묵은지김치,반찬,200.0,302.0,16.8,11.5,21.0,7.2,1208.0
768,삼겹살볶음_낙지,반찬,186.4,438.0,18.7,21.1,30.2,10.4,900.3
769,삼겹살구이_고추장,반찬,200.0,806.0,25.3,28.4,65.7,11.5,1020.0
770,삼겹살구이,반찬,200.0,934.0,0.7,45.1,83.4,0.0,1152.0
771,삼각김밥_참치마요네즈,한그릇,100.0,172.0,32.0,3.9,3.2,0.0,282.0
772,삼각김밥_숯불갈비,한그릇,100.0,161.0,32.6,4.0,1.7,0.2,358.0
773,삼각김밥_고추장불고기,한그릇,100.0,165.0,34.1,3.7,1.6,0.2,343.0
774,삼각김밥,한그릇,94.5,174.8,28.9,4.5,4.2,0.2,169.2
775,삶은 땅콩 조림,반찬,65.5,124.4,13.9,4.5,6.4,2.5,495.2
776,산적_돼지고기,반찬,170.0,340.0,2.6,49.4,14.6,0.1,996.2
777,사태찜_소고기,반찬,300.0,330.0,11.0,36.3,15.5,0.4,906.0
778,사골국,국물,563.0,197.0,16.6,10.1,9.4,1.0,33.8
779,뼈다귀해장국,국물,650.0,136.5,6.2,17.6,4.1,2.3,702.0
780,비프까스,반찬,275.0,572.0,33.7,22.3,37.6,6.9,717.8
781,비빔밥_참치_양념장,한그릇,700.0,567.0,103.9,22.0,6.5,10.2,980.0
782,비빔밥_참치,한그릇,510.0,612.0,79.6,28.0,18.5,4.0,668.1
783,비빔밥_육회,한그릇,300.0,441.0,68.8,19.2,10.1,13.4,1338.0
784,비빔밥_열무_양념장,한그릇,510.0,581.4,110.6,16.1,8.0,8.3,1183.2
785,비빔밥_열무,한그릇,258.6,367.2,63.4,8.8,7.4,0.6,305.1
786,비빔밥_약초,한그릇,400.0,512.0,80.2,11.9,15.9,2.9,972.0
787,비빔밥_소고기_양념장,한그릇,590.0,466.1,85.1,14.8,7.2,6.7,649.0
788,비빔밥_묵_양념장,한그릇,580.0,556.8,94.8,17.9,12.0,8.4,1537.0
789,비빔밥_멍게,한그릇,400.0,548.0,90.7,16.6,13.1,16.7,1144.0
790,비빔밥_돼지고기_양념장,한그릇,600.0,540.0,97.4,19.8,7.5,8.5,774.0
791,비빔밥_돌솥,한그릇,380.0,558.6,93.8,20.5,11.2,4.7,1280.6
792,비빔밥,한그릇,370.8,634.1,100.9,18.5,16.8,9.7,1079.0
793,비빔막국수,한그릇,700.0,728.0,150.3,21.4,6.0,26.7,1792.0
794,비빔냉면,한그릇,600.0,540.0,87.2,22.8,10.0,8.2,912.0
795,비빔국수,한그릇,197.3,370.9,59.8,12.8,7.9,6.0,1104.9
796,비빔 잡곡밥,밥,300.0,414.0,77.0,10.8,6.4,2.0,279.0
797,비름나물무침,반찬,80.0,58.4,4.6,2.8,3.2,0.7,268.0
798,비름나물_소금,반찬,47.9,22.5,2.1,1.3,1.3,0.2,139.9
799,비름나물_된장,반찬,50.0,14.0,1.8,1.1,0.5,0.2,98.0
800,비름나물_고추장,반찬,70.0,44.8,5.8,2.8,1.9,1.0,490.7
801,비름나물_간장,반찬,50.0,12.0,1.4,0.8,0.5,0.1,95.0
802,비름나물,반찬,50.0,14.0,2.0,1.0,0.5,0.4,77.0
803,브로콜리볶음,반찬,90.0,45.9,5.0,4.0,1.2,1.3,84.6
804,브로콜리무침,반찬,50.0,16.0,3.5,0.8,0.1,1.4,87.5
805,브로콜리 채소무침,반찬,50.0,17.0,3.6,0.8,0.2,1.5,91.0
806,브로콜리 버섯볶음,반찬,50.0,12.0,1.5,0.7,0.6,0.3,72.0
807,브로콜리 두부무침,반찬,50.0,17.5,3.1,1.0,0.4,1.2,83.5
808,붕어찜,반찬,1100.0,836.0,71.6,54.3,36.8,16.2,3949.0
809,붕어 매운탕,국물,600.0,138.0,6.5,18.6,4.2,1.5,672.0
810,불낙전골_해물,국물,660.0,323.4,23.0,28.4,14.0,4.6,785.4
811,불낙전골,국물,276.3,102.2,3.6,9.7,5.6,1.4,102.2
812,분짜,한그릇,100.0,136.0,19.8,5.9,3.7,5.5,398.0
813,북어채무침,반찬,150.0,282.0,18.1,42.6,4.4,8.4,1134.0
814,북어채 고추장 무침,반찬,31.3,92.6,4.4,11.5,3.2,1.3,294.8
815,북어찜,반찬,650.0,520.0,46.9,65.0,10.9,11.2,1527.5
816,북어조림,반찬,100.0,182.0,17.1,20.8,3.3,8.2,766.0
817,북어양념구이,반찬,170.0,232.9,11.3,34.5,5.0,3.9,484.5
818,북어국_콩나물,국물,190.0,26.6,1.8,3.8,0.7,0.4,254.6
819,북어국_무_두부,국물,214.0,42.8,1.4,5.6,1.6,0.4,295.3
820,북어국_무,국물,300.0,54.0,3.2,6.7,1.4,0.9,513.0
821,북어국_달걀,국물,300.0,96.0,2.7,14.7,2.7,0.9,450.0
822,북어국,국물,400.0,112.0,3.4,15.6,3.9,0.5,928.0
823,북어구이,반찬,41.2,118.2,4.3,19.2,2.4,1.3,384.0
824,북어강정_고추장양념,반찬,100.0,379.0,25.8,19.2,22.1,12.2,709.0
825,북어강정,반찬,26.7,85.4,7.6,3.7,4.4,1.3,468.1
826,부추전_해물,반찬,89.3,148.2,16.6,6.7,5.6,0.4,252.7
827,부추전,반찬,150.0,213.0,32.0,5.2,6.3,1.7,247.5
828,부추잡채,반찬,86.5,64.9,3.4,4.2,3.8,2.3,153.1
829,부추무침_채소,반찬,50.0,12.0,1.7,0.6,0.6,0.8,89.0
830,부추무침_양파,반찬,50.0,9.5,1.6,0.6,0.2,0.8,66.5
831,부추무침_부추만,반찬,100.0,70.0,11.6,3.2,1.2,7.7,780.0
832,부추무침_부추_채소,반찬,70.0,16.8,2.6,0.7,0.6,1.3,142.1
833,부추무침_부추,반찬,110.0,26.4,4.3,1.1,0.8,2.3,171.6
834,부추무침,반찬,35.6,21.0,3.0,1.0,0.8,1.5,247.4
835,부추나물,반찬,50.0,9.0,1.0,0.6,0.4,0.4,68.5
836,부추김치,반찬,43.3,25.1,3.0,1.3,1.1,1.4,338.2
837,부추 초무침,반찬,50.0,11.5,1.8,0.6,0.4,0.9,93.5
838,부추 채소무침,반찬,50.0,11.0,2.0,0.6,0.3,1.1,85.5
839,부추 겉절이,반찬,50.0,12.0,1.7,0.6,0.6,0.8,89.0
840,부대찌개,국물,600.0,738.0,61.6,35.2,38.9,1.1,1434.0
841,볼락 매운탕,국물,356.2,106.9,10.2,12.5,1.9,4.5,680.3
842,볶음밥_햄,한그릇,221.34,482.5,85.5,10.6,9.3,2.7,555.6
843,볶음밥_해물,한그릇,400.0,704.0,90.4,25.1,27.0,1.2,1076.0
844,볶음밥_표고버섯,한그릇,300.0,552.0,95.4,10.1,14.4,0.0,897.0
845,볶음밥_채소,한그릇,300.0,345.0,64.1,8.7,5.1,2.3,321.0
846,볶음밥_참치_김치,한그릇,281.2,435.9,63.7,18.0,10.7,1.4,314.9
847,볶음밥_참치,한그릇,230.0,414.0,75.7,10.6,7.5,0.3,1451.3
848,볶음밥_소고기,한그릇,260.0,457.6,56.6,19.7,16.8,0.2,559.0
849,볶음밥_새우,한그릇,464.9,423.1,74.0,14.4,6.1,2.9,288.2
850,볶음밥_삼선,한그릇,400.0,688.0,85.8,26.2,26.5,1.6,1212.0
851,볶음밥_배추김치_참치,한그릇,510.0,535.5,74.5,26.1,13.2,5.8,979.2
852,볶음밥_배추김치_소고기,한그릇,250.0,295.0,51.4,8.6,5.1,2.0,420.0
853,볶음밥_배추김치_돼지고기,한그릇,260.0,301.6,52.6,9.6,5.1,2.5,462.8
854,볶음밥_맛살,한그릇,400.0,536.0,97.1,14.0,8.3,4.2,972.0
855,볶음밥_돼지고기,한그릇,461.0,520.9,82.4,17.5,11.2,3.5,645.4
856,볶음밥_김치_돼지고기,한그릇,450.0,544.5,100.6,14.4,7.6,3.6,382.5
857,볶음밥_김치,한그릇,330.0,551.1,51.9,17.6,30.3,45.8,1551.0
858,볶음밥_계란,한그릇,300.0,492.0,78.6,17.4,10.4,0.7,333.0
859,볶음밥,한그릇,100.0,193.0,22.5,6.9,8.4,1.8,282.0
860,볶음 우동,한그릇,268.8,215.0,26.0,8.9,7.7,0.5,844.0
861,복찜,반찬,510.0,183.6,21.0,18.1,4.7,4.4,698.7
862,복지리,국물,600.0,180.0,8.9,33.6,1.9,2.1,1254.0
863,복죽,한그릇,259.0,277.1,43.6,7.0,7.1,0.0,398.9
864,복어튀김,반찬,100.0,320.0,22.9,13.8,19.3,0.6,284.0
865,복 매운탕,국물,600.0,186.0,13.5,30.6,2.3,3.5,1368.0
866,보쌈김치,반찬,69.9,32.9,4.6,1.7,1.0,1.6,1352.6
867,보신탕,국물,600.0,252.0,12.7,18.0,16.1,3.2,390.0
868,보리밥,밥,380.0,448.4,98.0,8.4,0.7,0.1,7.6
869,병어찌개,국물,298.8,161.4,10.2,15.8,6.2,3.2,1449.2
870,병어조림,반찬,100.0,112.0,4.9,12.5,4.8,0.2,842.0
871,병어구이,반찬,49.7,121.3,0.2,10.6,8.1,0.0,774.8
872,베이컨채소볶음,반찬,129.0,183.2,13.0,8.1,11.4,6.2,310.9
873,베이컨떡말이구이,반찬,126.6,303.8,37.9,8.0,13.4,4.8,721.6
874,번데기탕,국물,200.0,46.0,0.8,4.4,3.0,0.4,218.0
875,버섯찌개,국물,257.4,82.4,11.0,5.7,3.4,4.0,429.9
876,버섯조림,반찬,150.0,90.0,9.3,6.6,3.0,2.9,453.0
877,버섯전골_소고기,국물,400.0,236.0,18.8,16.4,12.1,4.0,576.0
878,버섯전골,국물,300.0,234.0,14.3,15.4,12.7,3.5,438.0
879,버섯전_표고버섯,반찬,150.0,271.5,19.1,15.2,15.0,2.8,475.5
880,버섯전,반찬,49.5,100.0,12.5,3.3,4.3,0.2,381.2
881,버섯볶음_표고버섯,반찬,150.0,142.5,15.8,4.5,6.7,2.6,574.5
882,버섯볶음_양송이버섯,반찬,150.0,136.5,11.0,4.5,8.3,1.2,514.5
883,버섯볶음_새송이버섯,반찬,120.0,145.2,11.1,3.5,9.6,4.5,409.2
884,버섯볶음_느타리버섯,반찬,50.0,47.0,3.4,1.4,3.1,2.1,262.0
885,버섯무침_느타리버섯,반찬,150.0,88.5,5.2,4.1,5.7,0.1,466.5
886,버섯국,국물,320.0,134.4,8.7,10.6,7.8,1.6,515.2
887,버섯구이표고버섯,반찬,80.0,80.0,14.5,3.5,0.8,1.1,348.0
888,버섯구이_새송이버섯,반찬,80.0,67.2,9.3,3.4,1.8,3.6,370.4
889,버섯구이,반찬,80.0,41.6,3.8,4.1,1.1,0.1,393.6
890,버섯 잡채,반찬,200.0,298.0,12.6,9.6,24.4,3.9,414.0
891,버섯 샤브샤브,국물,488.0,131.8,12.0,9.8,6.6,2.3,697.8
892,버섯 매운탕,국물,800.0,360.0,55.4,19.2,10.9,11.7,1280.0
893,버섯 덮밥,한그릇,572.0,577.7,105.6,14.9,9.3,3.1,360.4
894,뱅어포튀김,반찬,10.2,74.7,3.5,4.2,4.6,0.0,42.2
895,뱅어포무침,반찬,13.0,53.4,1.5,6.3,2.3,0.7,164.1
896,뱅어포구이,반찬,42.0,116.3,7.6,13.1,3.7,2.9,652.3
897,밴댕이무침,반찬,400.0,600.0,46.0,29.8,33.0,27.0,1028.0
898,백합죽,한그릇,700.0,455.0,84.7,16.5,5.6,0.0,994.0
899,백김치,반찬,100.0,16.0,3.0,1.0,0.1,1.0,395.0
900,배추전,반찬,96.5,107.1,10.0,3.2,5.9,1.2,524.0
901,배추숙주나물,반찬,44.0,9.7,1.6,0.7,0.3,0.6,55.9
902,배추나물_된장,반찬,120.0,38.4,5.1,2.1,1.5,2.1,327.6
903,배추나물_간장_소금,반찬,140.0,25.2,3.4,1.4,1.0,1.0,366.8
904,배추나물_간장,반찬,86.7,26.9,3.5,1.6,1.0,1.5,192.5
905,배추나물,반찬,80.0,48.8,6.8,1.6,1.8,5.0,220.8
906,배추김치_여름재배,반찬,100.0,38.0,6.6,1.8,0.5,3.2,606.0
907,배추김치_봄재배,반찬,100.0,39.0,6.0,2.2,0.7,2.4,626.0
908,배추김치_가을재배,반찬,100.0,37.0,6.1,1.8,0.5,3.0,548.0
909,배추김치,반찬,100.0,38.0,6.5,2.0,0.4,2.4,551.0
910,배추국_소고기,국물,400.0,64.0,4.6,7.4,1.6,0.0,992.0
911,배추국_들깨,국물,165.8,34.8,3.1,1.8,2.1,0.8,339.9
912,배추국,국물,165.6,14.9,1.5,2.2,0.2,0.6,187.1
913,배추겉절이,반찬,50.0,20.0,3.6,1.0,0.5,2.0,316.5
914,배추 된장국_소고기,국물,270.0,81.0,5.9,7.8,3.0,1.5,909.9
915,배추 된장국_바지락,국물,320.0,80.0,6.8,9.6,1.6,3.3,1033.6
916,배추 된장국,국물,260.0,44.2,5.9,3.4,1.2,2.1,639.6
917,배추 겉절이,반찬,160.0,38.4,7.5,2.1,0.6,3.3,467.2
918,방풍나물무침,반찬,80.0,60.8,8.6,3.5,1.4,2.3,213.6
919,방풍나물_소금,반찬,50.0,11.5,1.8,0.6,0.4,0.0,54.0
920,방풍나물_된장,반찬,50.0,15.5,2.4,0.8,0.5,0.2,75.0
921,방풍나물_고추장,반찬,50.0,18.5,3.6,0.8,0.4,0.8,71.5
922,밤밥,밥,209.8,318.9,68.5,7.1,0.5,0.9,6.3
923,바지락찜,반찬,146.8,121.8,13.4,11.7,2.5,6.7,1218.4
924,바지락국,국물,203.3,34.6,1.5,4.5,1.1,0.2,457.4
925,바지락 수제비_감자,한그릇,1000.0,310.0,50.8,13.0,4.5,2.3,1970.0
926,바지락 미역국_떡,국물,190.0,15.2,2.2,1.7,0.3,0.1,338.2
927,바지락 미역국,국물,300.0,39.0,3.7,5.7,0.8,0.3,912.0
928,바지락 된장국,국물,300.0,48.0,5.3,4.8,1.0,1.2,390.0
929,밀면_물밀면,한그릇,100.0,71.0,14.2,2.5,0.5,3.7,303.0
930,민어구이,반찬,100.0,106.0,0.4,12.6,5.5,0.0,703.0
931,민어 매운탕,국물,450.0,157.5,13.4,20.2,3.6,4.1,630.0
932,민들레잎무침,반찬,90.0,72.9,11.1,2.4,2.1,7.3,223.2
933,민들레무침,반찬,50.0,13.5,2.3,0.6,0.4,0.8,122.0
934,미트볼조림,반찬,72.8,113.6,11.7,4.2,5.9,5.0,364.7
935,미트 스파게티,한그릇,350.0,381.5,65.1,15.0,6.9,9.9,476.0
936,미음_현미,한그릇,100.0,19.0,4.4,0.4,0.1,0.1,0.0
937,미음_칠분도미,한그릇,100.0,20.0,4.6,0.3,0.1,0.0,0.0
938,미음,한그릇,100.0,19.0,4.7,0.3,0.0,0.0,0.0
939,미역튀각,반찬,15.3,55.5,4.3,2.2,4.6,0.5,610.0
940,미역초무침,반찬,50.0,17.5,2.6,0.6,0.5,0.6,226.0
941,미역줄기볶음_미역줄기_채소,반찬,70.0,24.5,2.3,0.5,1.9,0.4,900.9
942,미역줄기볶음_미역줄기,반찬,70.0,27.3,2.2,0.9,2.2,0.2,220.5
943,미역줄기볶음,반찬,30.0,28.5,2.0,0.8,2.2,0.4,142.2
944,미역냉국_오이_고추,국물,200.0,28.0,6.2,1.2,0.4,4.0,516.0
945,미역냉국_오이,국물,300.0,33.0,8.1,1.5,0.3,5.6,870.0
946,미역냉국,국물,160.0,41.6,4.1,1.4,2.6,1.4,1028.8
947,미역국_홍합,국물,320.0,28.8,2.7,3.6,0.8,0.1,681.6
948,미역국_참치,국물,100.0,19.0,0.9,2.6,0.6,0.0,309.0
949,미역국_소고기,국물,200.0,46.0,1.3,3.7,3.1,0.0,406.0
950,미역국_새우,국물,400.0,64.0,7.3,4.4,1.8,0.0,20.0
951,미역국_북어,국물,300.0,33.0,2.4,5.4,0.8,0.1,798.0
952,미역국_바지락,국물,100.0,9.0,1.0,0.9,0.2,0.0,318.0
953,미역국_들깨,국물,180.0,30.6,2.3,1.4,2.2,0.1,349.2
954,미역국_대합,국물,400.0,44.0,2.2,4.9,1.8,0.0,928.0
955,미역국_굴,국물,100.0,17.0,1.4,1.4,0.6,0.0,298.0
956,미역국,국물,200.0,20.0,1.8,1.6,1.2,0.0,762.0
957,미역 오이무침,반찬,100.0,61.0,12.3,1.8,1.8,6.3,817.0
958,미역 된장국,국물,280.0,42.0,5.1,3.4,1.6,1.0,966.0
959,미소된장국,국물,150.0,37.5,2.8,2.8,1.8,0.7,517.5
960,미더덕찜,반찬,118.9,91.6,9.6,9.2,2.2,1.4,464.9
961,미나리전,반찬,150.0,226.5,34.2,5.2,7.6,1.7,249.0
962,미나리무침_고추장,반찬,100.0,20.0,3.6,0.9,0.5,2.0,109.0
963,미나리무침,반찬,50.0,10.0,1.4,0.5,0.4,0.7,86.0
964,미나리나물_팽이버섯,반찬,50.0,8.0,1.0,0.4,0.4,0.4,84.0
965,미나리나물_소금,반찬,70.0,18.9,2.2,0.8,0.9,0.8,256.2
966,미나리나물_모듬,반찬,50.0,10.0,1.5,0.5,0.4,0.7,76.5
967,미나리나물_고추장,반찬,50.0,12.5,2.4,0.6,0.3,1.2,60.5
968,미나리나물,반찬,50.0,29.5,2.2,1.0,1.8,0.0,150.5
969,미나리 초무침,반찬,36.5,17.9,2.9,0.8,0.6,1.4,209.9
970,미꾸라지튀김,반찬,100.0,387.0,28.8,10.9,25.4,0.3,324.0
971,물회_오징어,반찬,700.0,343.0,22.8,43.3,8.4,14.7,2548.0
972,물회_생선,반찬,800.0,576.0,82.5,34.3,12.3,52.0,2776.0
973,물회,반찬,700.0,532.0,55.3,34.4,18.9,20.0,2093.0
974,물만두,한그릇,350.0,322.0,36.8,21.3,9.0,0.2,357.0
975,물냉면_열무,한그릇,578.0,549.1,94.8,27.2,5.5,4.0,2462.3
976,물냉면,한그릇,747.8,583.3,99.0,29.9,6.4,5.8,2699.6
977,물김치_돌나물,반찬,400.0,20.0,3.0,1.2,0.3,1.4,948.0
978,문어볶음_고추장,반찬,200.0,176.0,17.2,21.9,2.0,10.9,974.0
979,문어볶음,반찬,223.4,149.7,12.4,13.2,5.9,8.2,536.2
980,문어무침,반찬,51.9,36.3,2.8,4.2,1.1,0.9,182.7
981,묵밥,밥,950.0,646.0,128.6,14.8,7.7,15.1,2071.0
982,묵무침_청포묵,반찬,250.0,150.0,22.7,2.9,5.2,1.8,725.0
983,묵무침_도토리묵,반찬,200.0,148.0,21.8,1.9,5.9,3.6,638.0
984,묵말이_도토리묵,국물,1300.0,468.0,89.7,6.8,8.5,6.2,3211.0
985,묵국_메밀묵,국물,400.0,88.0,14.3,4.0,1.6,1.1,952.0
986,무초절임(치킨무),반찬,130.0,22.1,4.0,0.7,0.4,2.3,245.7
987,무청나물,반찬,100.0,80.0,6.0,2.8,5.4,0.3,367.0
988,무짠지,반찬,50.0,5.5,1.0,0.3,0.1,0.8,1191.0
989,무조림,반찬,150.0,72.0,6.4,3.4,3.6,5.8,1168.5
990,무장아찌,반찬,30.0,24.0,5.0,0.4,0.2,2.9,879.9
991,무숙장아찌,반찬,94.0,87.4,4.5,3.5,6.1,2.2,1307.5
992,무생채_액젓,반찬,40.0,15.2,2.8,0.5,0.3,1.4,182.0
993,무생채_식초,반찬,120.0,42.0,7.9,1.2,1.0,4.1,313.2
994,무생채_미역,반찬,42.0,14.3,3.2,0.5,0.2,1.9,314.2
995,무생채_미나리,반찬,85.0,39.1,7.3,1.2,1.0,3.6,506.6
996,무생채_굴,반찬,300.0,150.0,17.8,11.0,3.8,12.1,1098.0
997,무생채(무만),반찬,120.0,36.0,6.9,1.2,0.7,3.1,298.8
998,무생채,반찬,70.0,22.4,4.5,0.6,0.4,2.4,430.5
999,무밥,밥,246.2,435.8,90.3,9.1,2.6,1.9,487.5
1000,무말랭이장아찌,반찬,94.2,110.2,17.3,3.9,3.0,6.2,1212.4
1001,무말랭이무침_오징어,반찬,100.0,150.0,21.1,10.0,2.9,6.5,283.0
1002,무말랭이무침,반찬,20.0,24.2,4.5,0.8,0.3,0.8,90.0
1003,무나물무침,반찬,50.0,10.5,1.8,0.3,0.2,1.6,176.0
1004,무나물,반찬,53.3,19.2,2.0,0.4,1.1,0.8,339.5
1005,무국_홍합,국물,350.0,87.5,3.0,2.8,7.1,0.8,815.5
1006,무국_어묵,국물,227.6,50.1,6.0,4.3,0.9,1.9,530.3
1007,무국_소고기_콩나물,국물,300.0,108.0,6.5,8.7,5.5,2.2,492.0
1008,무국_소고기_두부,국물,200.0,54.0,1.8,4.0,3.2,0.7,200.0
1009,무국_소고기_당면,국물,168.7,75.9,9.0,3.2,3.0,0.3,371.1
1010,무국_소고기_느타리,국물,233.2,74.6,4.3,4.0,4.9,1.7,219.2
1011,무국_소고기,국물,400.0,124.0,7.8,14.2,4.0,3.5,1068.0
1012,무국_들깨,국물,270.0,40.5,4.4,1.6,2.1,1.2,459.0
1013,무국,국물,320.0,22.4,3.8,1.0,0.5,1.2,588.8
1014,무 파래무침,반찬,130.0,29.9,6.3,1.4,0.5,3.4,287.3
1015,무 어묵조림,반찬,65.7,73.6,9.8,4.1,2.0,2.9,408.7
1016,무 북어국,국물,300.0,81.0,3.2,12.3,2.1,1.1,468.0
1017,무 된장국,국물,198.2,35.7,4.2,3.2,0.8,1.4,503.4
1018,몸국,국물,650.0,143.0,10.0,18.8,4.2,2.6,773.5
1019,모밀국수,한그릇,400.0,344.0,71.8,10.0,1.3,5.8,1020.0
1020,모듬회,반찬,150.0,199.5,7.7,33.8,3.5,3.7,739.5
1021,모듬채소전골,국물,450.0,90.0,9.5,8.1,2.7,2.7,652.5
1022,모듬채소전,반찬,110.0,169.4,23.5,3.7,6.2,1.3,190.3
1023,모듬버섯볶음,반찬,100.0,69.0,6.8,3.0,4.6,2.0,430.0
1024,모듬배추나물_된장,반찬,50.0,15.5,1.8,0.8,0.6,0.5,161.0
1025,모듬 콩조림,반찬,15.0,27.2,2.3,1.7,1.4,0.6,48.2
1026,모듬 초밥,한그릇,245.0,463.0,70.2,24.5,7.7,6.0,965.3
1027,모듬 김밥,한그릇,400.0,452.0,70.0,16.8,11.0,2.8,736.0
1028,명태 매운탕,국물,625.0,306.2,19.7,44.4,6.4,4.9,362.5
1029,명란찜,반찬,125.2,76.4,3.9,8.9,2.8,1.6,1414.8
1030,명란찌개,국물,263.3,71.1,7.2,8.2,1.5,2.2,966.3
1031,명란젓_양념,반찬,100.0,147.0,4.0,18.0,6.5,0.0,2044.0
1032,멸치조림,반찬,60.0,90.0,3.9,9.0,4.0,1.9,672.6
1033,멸치젓_양념,반찬,5.0,4.5,0.4,0.6,0.1,0.0,333.4
1034,멸치볶음_풋고추,반찬,20.0,52.4,3.4,4.6,2.2,1.4,275.6
1035,멸치볶음_마늘쫑,반찬,50.0,138.5,6.2,16.2,5.4,2.1,1250.5
1036,멸치볶음_꽈리고추,반찬,50.0,126.5,4.0,11.8,7.0,3.1,667.0
1037,멸치볶음_견과류,반찬,50.0,207.0,9.2,15.2,12.2,7.0,914.0
1038,멸치볶음(멸치만),반찬,80.0,91.2,4.1,11.9,2.7,1.4,616.0
1039,멸치볶음,반찬,80.0,91.2,4.1,11.9,2.7,1.4,615.2
1040,멸치 미역국,국물,320.0,28.8,2.3,3.5,1.2,0.0,1200.0
1041,멘보샤,반찬,100.0,289.0,13.2,10.5,21.6,1.0,696.0
1042,멕시컨샐러드,반찬,200.0,192.0,14.2,7.4,11.9,8.7,412.0
1043,메추리알장조림_꽈리고추,반찬,75.0,72.0,4.2,4.9,3.7,0.8,234.8
1044,메추리알장조림,반찬,66.6,101.2,6.0,7.5,4.5,1.7,648.0
1045,메추리알 어묵조림,반찬,67.2,104.8,10.3,6.2,4.2,4.9,541.0
1046,메추리알 돼지고기장조림,반찬,150.0,216.0,8.3,23.0,9.3,3.1,442.5
1047,메밀전,반찬,180.0,289.8,62.6,7.2,1.2,0.5,261.0
1048,메밀소바,한그릇,400.0,344.0,71.8,10.0,1.3,5.8,1016.0
1049,메밀묵국,국물,62.5,38.1,7.0,0.9,0.8,0.9,144.4
1050,메밀묵 무침,반찬,144.5,93.9,17.4,2.3,1.8,2.1,359.8
1051,메밀국수_온면,한그릇,350.0,220.5,42.2,11.0,1.0,0.0,679.0
1052,메기찜,반찬,528.2,375.0,28.4,38.6,12.3,4.1,792.3
1053,메기 매운탕,국물,760.0,448.4,56.2,30.4,11.1,5.2,2006.4
1054,머위대나물무침,반찬,50.0,29.0,2.4,2.0,1.3,0.2,181.5
1055,머위나물볶음,반찬,150.0,108.0,7.6,3.5,7.0,1.8,718.5
1056,머위나물무침,반찬,100.0,85.0,2.5,1.6,7.7,0.4,452.0
1057,머위나물_소금,반찬,44.1,13.2,1.3,1.0,0.6,0.1,322.4
1058,머위나물,반찬,60.0,15.0,1.5,0.9,0.8,0.2,110.4
1059,매운탕_해물,국물,600.0,210.0,15.1,29.1,3.8,2.7,2208.0
1060,매운탕_짱뚱어,국물,600.0,186.0,16.6,11.5,8.5,2.4,2052.0
1061,매운탕_조기,국물,600.0,384.0,17.3,35.1,19.4,4.3,2274.0
1062,매운탕_우럭,국물,600.0,408.0,11.2,52.1,17.0,1.1,1776.0
1063,매운탕_아귀,국물,100.0,43.0,2.3,6.8,0.7,0.5,345.0
1064,매운탕_서더리,국물,100.0,30.0,0.6,4.0,1.3,0.0,189.0
1065,매운탕_메기_해물,국물,720.0,324.0,31.7,29.7,9.3,6.7,1648.8
1066,매운탕_메기,국물,760.0,440.8,56.0,30.2,11.1,5.3,2029.2
1067,매운탕_동태_해물,국물,930.0,334.8,16.4,53.5,6.4,4.5,1348.5
1068,매운탕_대구,국물,600.0,132.0,1.1,26.9,2.4,0.0,1500.0
1069,매운탕_광어,국물,600.0,420.0,9.1,58.4,16.6,1.4,1800.0
1070,매운 어묵볶음,반찬,100.0,90.0,11.0,5.1,2.9,2.4,397.0
1071,매실장아찌_우메보시(일본),반찬,30.0,19.5,3.3,0.4,0.5,2.4,1118.4
1072,매실장아찌,반찬,30.0,72.9,17.4,0.5,0.1,11.4,337.8
1073,매생이국,국물,500.0,120.0,13.4,10.0,2.8,0.4,1420.0
1074,망둥어찜,반찬,175.5,91.3,5.2,14.9,1.2,1.2,354.5
1075,망둥어찌개,국물,298.8,131.5,10.2,17.6,2.5,3.2,1443.2
1076,맛살전,반찬,200.0,330.0,39.4,15.0,12.5,2.3,1118.0
1077,만두탕수,한그릇,314.5,276.8,35.8,9.4,10.6,5.3,371.1
1078,만두전골,한그릇,100.0,57.0,5.6,3.6,2.2,0.7,250.0
1079,만두국_사골,한그릇,700.0,609.0,62.6,26.2,28.0,0.4,2331.0
1080,만두국_김치만두,한그릇,600.0,402.0,45.0,22.2,14.7,2.8,1110.0
1081,만두국_고기만두,한그릇,600.0,396.0,45.9,21.0,14.0,2.0,1116.0
1082,만두국,한그릇,700.0,434.0,47.8,21.4,17.4,3.1,2366.0
1083,만두_물만두,한그릇,230.0,448.5,35.9,18.5,25.6,4.9,763.6
1084,만두_김치만두,한그릇,220.0,334.4,37.4,22.5,10.5,0.8,864.6
1085,만두_군만두,한그릇,220.0,514.8,56.3,15.5,25.3,6.1,847.0
1086,만두_고기만두,한그릇,100.0,208.0,27.8,9.4,6.6,0.5,261.0
1087,막창구이_소고기,반찬,100.0,358.0,0.4,15.3,32.7,1.4,162.0
1088,막국수,한그릇,132.4,286.0,57.3,11.0,0.9,3.9,971.8
1089,마파두부,반찬,160.0,174.4,8.6,11.7,10.4,3.9,563.2
1090,마카로니 샐러드,반찬,170.0,236.3,23.4,3.9,13.9,4.7,209.1
1091,마라탕,국물,100.0,66.0,5.1,3.9,3.3,0.3,358.0
1092,마늘쫑조림_멸치,반찬,50.0,30.0,4.6,2.4,0.5,1.6,180.0
1093,마늘쫑조림,반찬,46.1,100.0,14.5,2.3,4.9,4.7,440.7
1094,마늘쫑장아찌무침,반찬,50.0,39.5,8.9,0.6,0.3,4.1,353.0
1095,마늘쫑장아찌_고추장,반찬,50.0,55.0,10.5,1.3,0.9,5.6,707.5
1096,마늘쫑장아찌_간장,반찬,50.0,30.0,5.4,1.0,0.5,3.9,813.5
1097,마늘쫑장아찌,반찬,100.0,118.0,27.3,2.0,0.1,13.0,1410.0
1098,마늘쫑볶음_잔멸치,반찬,76.3,96.1,12.3,3.4,4.2,7.1,357.1
1099,마늘쫑볶음_멸치,반찬,50.0,58.5,7.7,3.8,1.4,2.8,252.5
1100,마늘쫑볶음_건어물,반찬,50.0,36.5,3.1,3.7,1.1,1.1,212.5
1101,마늘쫑볶음_건새우,반찬,150.0,79.5,8.0,4.0,3.8,3.0,430.5
1102,마늘쫑볶음_간장,반찬,100.0,89.0,8.2,3.0,5.2,3.2,546.0
1103,마늘쫑볶음,반찬,140.0,124.6,18.4,4.6,3.6,7.4,786.8
1104,마늘쫑무침,반찬,50.0,28.5,6.0,1.1,0.3,2.1,101.0
1105,마늘장아찌무침,반찬,40.0,39.6,8.7,0.8,0.3,4.7,322.0
1106,마늘장아찌,반찬,100.0,113.0,25.4,2.4,0.2,15.0,1127.0
1107,런천미트구이,반찬,42.8,129.3,4.8,9.2,8.1,0.6,466.9
1108,라조기,반찬,67.1,125.5,12.8,9.1,3.8,2.9,144.9
1109,라볶이,반찬,476.3,514.4,85.0,9.0,15.1,5.0,714.4
1110,라면_콩나물,한그릇,700.0,553.0,79.5,15.4,18.8,0.9,441.0
1111,라면_치즈,한그릇,600.0,594.0,80.0,16.8,23.0,0.9,2112.0
1112,라면_짬뽕라면,한그릇,750.0,690.0,92.0,21.3,26.3,1.6,2497.5
1113,라면_짜장라면,한그릇,100.0,177.0,31.0,3.7,4.3,0.6,306.0
1114,라면_용기면_볶음라면,한그릇,100.0,202.0,33.9,4.5,5.4,3.3,435.0
1115,라면_용기면_면,한그릇,100.0,192.0,33.4,3.5,5.0,0.0,316.0
1116,라면_용기면_국물,한그릇,100.0,28.0,3.2,0.6,1.4,0.0,423.0
1117,라면_용기면,한그릇,100.0,103.0,15.6,2.0,3.6,0.4,402.0
1118,라면_어묵,한그릇,928.6,585.0,85.2,13.9,19.4,1.2,464.3
1119,라면_비빔라면,한그릇,100.0,189.0,31.0,3.4,5.7,1.8,375.0
1120,라면_모듬,한그릇,700.0,686.0,97.9,19.6,22.8,1.0,623.0
1121,라면_면,한그릇,100.0,174.0,29.8,3.9,4.4,0.0,278.0
1122,라면_만두,한그릇,700.0,763.0,107.0,22.4,25.8,1.0,665.0
1123,라면_라면만,한그릇,100.0,84.0,14.4,1.8,2.2,0.1,306.0
1124,라면_떡,한그릇,100.0,102.0,17.7,2.1,2.5,0.1,301.0
1125,라면_달걀,한그릇,550.0,594.0,95.3,14.4,17.5,1.0,1006.5
1126,라면_김치,한그릇,760.0,646.0,94.3,16.0,21.5,2.3,828.4
1127,라면_국물,한그릇,100.0,19.0,2.1,0.4,1.0,0.0,380.0
1128,라면,한그릇,226.6,383.0,55.5,9.3,13.1,0.1,290.0
1129,라멘_시오라멘,한그릇,100.0,84.0,11.5,4.7,2.1,0.9,292.0
1130,라멘_소유라멘,한그릇,100.0,72.0,9.1,3.6,2.4,0.8,420.0
1131,라멘_미소라멘,한그릇,100.0,89.0,11.4,4.6,2.8,1.1,388.0
1132,라멘_돈코츠라멘,한그릇,100.0,98.0,5.9,4.1,6.4,0.8,377.0
1133,떡산적_소고기,반찬,146.8,230.5,27.8,13.2,7.6,4.3,613.6
1134,떡볶이_카레,한그릇,235.4,214.2,27.4,5.4,8.8,1.6,609.7
1135,떡볶이_치즈,반찬,100.0,164.0,29.3,5.5,2.7,5.8,397.0
1136,떡볶이_채소,반찬,200.0,516.0,114.1,6.2,3.8,3.9,538.0
1137,떡볶이_어묵,반찬,100.0,130.0,27.2,3.2,1.3,4.4,367.0
1138,떡볶이_양배추,반찬,380.4,228.2,50.8,4.9,1.4,8.0,764.6
1139,떡볶이_소고기_버섯,반찬,412.0,317.2,58.4,7.8,6.6,9.7,618.0
1140,떡볶이_소고기,반찬,114.5,179.8,28.9,4.7,5.1,4.9,361.8
1141,떡볶이_모듬,반찬,70.0,87.5,17.4,2.2,1.1,2.6,232.4
1142,떡볶이_고추장_어묵,반찬,150.0,241.5,51.9,5.9,1.9,7.3,684.0
1143,떡볶이_고추장_메추리알,반찬,260.0,260.0,50.0,8.1,3.8,7.9,663.0
1144,떡볶이_간장,반찬,80.0,134.4,24.7,3.8,2.3,1.6,286.4
1145,떡볶이,반찬,74.8,193.0,39.9,3.2,2.7,6.5,503.4
1146,떡만두국_김치만두,한그릇,600.0,522.0,87.4,18.6,11.1,2.0,1392.0
1147,떡만두국_고기만두,한그릇,540.0,372.6,64.2,13.3,7.2,1.0,1047.6
1148,떡만두국,한그릇,700.0,623.0,110.7,20.1,11.3,0.1,1981.0
1149,떡국_소고기_달걀,한그릇,190.0,144.4,25.3,5.3,2.6,0.2,406.6
1150,떡국_소고기,한그릇,420.0,453.6,88.8,12.2,5.2,0.3,1411.2
1151,떡국_모듬,한그릇,600.0,516.0,102.8,16.2,5.2,1.0,1224.0
1152,떡국_달걀,한그릇,600.0,258.0,52.7,7.1,2.4,0.8,1008.0
1153,떡국_굴,한그릇,600.0,540.0,100.1,24.0,8.0,1.4,1782.0
1154,떡국,한그릇,700.0,588.0,114.6,24.0,3.7,0.6,1232.0
1155,떡강정,반찬,103.1,208.3,37.6,2.6,5.2,2.5,290.7
1156,떡갈비,반찬,200.0,404.0,4.9,42.8,23.6,0.8,808.0
1157,땅콩죽,한그릇,198.1,289.2,49.1,7.7,6.6,0.7,374.4
1158,땅콩조림,반찬,20.0,96.6,4.0,3.8,7.3,2.0,114.8
1159,등심돈가스,반찬,108.9,189.5,15.9,15.0,6.4,1.8,272.2
1160,들깻잎장아찌,반찬,100.0,124.0,26.0,4.0,0.4,16.4,1809.0
1161,들깨죽,한그릇,128.0,198.4,27.5,4.9,7.6,0.3,807.7
1162,들깨국,국물,190.0,28.5,3.2,1.3,1.5,0.8,294.5
1163,두부튀김,반찬,85.4,104.2,8.4,5.5,5.3,0.8,225.5
1164,두부찌개_소고기_된장,국물,300.0,165.0,10.5,17.1,5.9,2.2,891.0
1165,두부찌개_소고기_고추장,국물,280.0,162.4,18.8,12.8,4.0,0.5,546.0
1166,두부찌개_소고기,국물,216.4,173.1,12.2,13.0,8.0,3.3,692.5
1167,두부찌개_새우젓,국물,300.0,165.0,7.2,16.2,8.1,1.7,1122.0
1168,두부찌개_바지락,국물,211.1,71.8,6.7,7.0,2.1,2.2,434.9
1169,두부찌개_굴,국물,259.8,54.6,3.9,5.5,1.8,1.1,496.2
1170,두부찌개_고추장,국물,500.0,260.0,15.9,20.0,13.2,4.0,905.0
1171,두부찌개,국물,222.8,66.8,8.4,5.1,1.8,2.3,450.1
1172,두부조림_돼지고기,반찬,74.8,130.9,5.3,11.0,7.0,1.1,386.7
1173,두부조림,반찬,120.0,170.4,12.3,13.8,7.4,3.2,556.8
1174,두부전골,국물,370.0,151.7,10.6,14.0,6.5,1.6,403.3
1175,두부전,반찬,65.6,105.6,5.7,6.4,6.0,0.0,228.9
1176,두부부침,반찬,100.0,144.0,2.7,12.1,9.4,0.3,132.0
1177,두부볶음_돼지고기,반찬,113.4,223.4,14.9,14.1,11.9,4.2,279.0
1178,두부냉채,반찬,76.2,59.4,3.4,6.8,2.2,1.0,237.0
1179,두부김치_돼지고기,반찬,430.0,361.2,17.5,29.1,19.1,5.8,872.9
1180,두부김치,반찬,250.0,287.5,14.1,19.5,17.1,1.5,990.0
1181,두부국,국물,223.9,69.4,2.8,5.6,3.7,0.7,479.1
1182,두부 탕수,반찬,100.4,123.5,15.2,4.5,4.8,3.3,192.8
1183,두부 청국장찌개_김치,국물,270.0,89.1,9.0,8.4,2.3,1.9,1150.2
1184,두부 청국장찌개,국물,240.0,93.6,10.4,8.4,2.3,2.0,528.0
1185,두부 애호박찌개,국물,234.6,63.3,8.4,4.7,1.5,2.1,143.1
1186,두부 명란찌개,국물,170.6,56.3,4.6,6.0,1.8,1.1,406.0
1187,두부 된장국_유부,국물,300.0,75.0,4.6,5.4,4.0,1.0,621.0
1188,두부 된장국_바지락,국물,300.0,63.0,4.9,6.0,2.0,1.5,375.0
1189,두부 된장국,국물,260.0,67.6,5.5,6.0,2.6,1.1,637.0
1190,두부 달걀탕,국물,235.3,87.1,4.1,8.7,4.0,0.9,218.8
1191,두부 달걀찜,반찬,75.6,86.9,3.0,7.3,4.9,0.5,171.6
1192,두릅무침_초고추장,반찬,90.0,60.3,7.1,1.9,2.7,4.1,184.5
1193,두릅무침,반찬,85.2,63.0,9.9,2.9,2.2,3.3,1257.6
1194,된장찌개_호박,국물,222.0,86.6,8.4,8.4,2.2,1.7,426.2
1195,된장찌개_콩나물,국물,159.8,87.9,8.0,8.8,3.0,1.4,877.3
1196,된장찌개_우렁_강된장,국물,100.0,136.0,16.1,7.3,4.7,8.8,1547.0
1197,된장찌개_우렁,국물,184.2,75.5,6.5,7.4,2.5,1.4,631.8
1198,된장찌개_소고기,국물,258.6,113.8,12.8,7.0,3.9,2.9,1145.6
1199,된장찌개_바지락,국물,415.0,186.8,20.3,15.4,5.1,3.5,1128.8
1200,된장찌개_미더덕,국물,163.2,86.5,7.1,8.6,2.6,1.8,1137.5
1201,된장찌개_모듬해물,국물,150.0,42.0,5.6,3.2,1.0,1.2,370.5
1202,된장찌개_모듬채소,국물,270.0,99.9,12.6,7.0,2.7,2.6,1004.4
1203,된장찌개_두부_호박,국물,380.0,121.6,10.4,11.8,4.0,3.3,619.4
1204,된장찌개_두부,국물,270.0,110.7,6.9,8.8,5.3,2.7,1290.6
1205,된장찌개_달래,국물,248.2,64.5,7.3,5.0,2.1,2.2,632.9
1206,된장찌개_냉이,국물,350.0,66.5,10.2,4.1,1.1,1.9,609.0
1207,된장찌개,국물,167.78,77.2,9.4,6.0,2.0,1.7,572.1
1208,된장국_호박잎,국물,180.0,30.6,4.6,2.4,0.7,1.0,329.4
1209,된장국_호박,국물,400.0,124.0,5.6,13.4,5.2,2.0,1808.0
1210,된장국_해물,국물,400.0,112.0,10.7,8.4,3.9,1.8,1536.0
1211,된장국_콩나물,국물,400.0,124.0,10.5,10.3,4.4,2.1,1460.0
1212,된장국_유부,국물,300.0,75.0,4.6,5.3,4.0,1.0,627.0
1213,된장국_우렁,국물,500.0,245.0,19.2,24.6,7.7,3.6,2135.0
1214,된장국_우거지,국물,400.0,80.0,3.3,11.1,2.4,2.5,1164.0
1215,된장국_얼갈이배추,국물,200.0,28.0,3.5,2.0,0.8,0.9,432.0
1216,된장국_아욱,국물,230.0,43.7,6.7,3.5,0.9,0.9,669.3
1217,된장국_쑥,국물,400.0,60.0,6.1,4.9,1.9,2.9,972.0
1218,된장국_시래기,국물,190.0,32.3,4.5,2.2,1.0,0.9,514.9
1219,된장국_시금치,국물,270.0,37.8,5.7,3.2,0.9,1.7,691.2
1220,된장국_배추,국물,400.0,80.0,10.3,5.8,1.6,0.0,892.0
1221,된장국_미역,국물,180.0,28.8,3.1,2.4,1.1,0.6,514.8
1222,된장국_무,국물,450.0,103.5,14.7,6.1,2.4,5.9,1741.5
1223,된장국_두부,국물,260.0,67.6,5.6,6.0,2.6,1.1,634.4
1224,된장국_냉이_두부,국물,200.0,40.0,4.0,3.6,1.3,0.9,358.0
1225,된장국_냉이,국물,400.0,88.0,8.8,6.8,2.6,1.2,944.0
1226,된장국_근대,국물,200.0,28.0,3.8,2.0,0.7,0.9,480.0
1227,된장국_감자,국물,100.0,40.0,6.1,1.6,1.0,1.0,332.0
1228,돼지사태찜,반찬,177.3,147.2,12.4,13.5,4.7,4.9,367.0
1229,돼지불고기_삼겹살_오징어,반찬,200.0,364.0,20.5,25.6,19.9,7.6,886.0
1230,돼지불고기_버섯,반찬,160.0,137.6,6.9,13.4,6.0,2.7,272.0
1231,돼지불고기_고추장,반찬,320.0,272.0,18.5,27.3,10.1,9.2,697.6
1232,돼지불고기_간장,반찬,160.0,134.4,6.9,13.5,5.8,2.7,273.6
1233,돼지머리국밥,한그릇,932.1,633.8,102.8,20.5,13.8,2.1,932.1
1234,돼지등심 장조림,반찬,98.8,115.6,5.2,15.2,2.9,3.5,409.0
1235,돼지등갈비찜,반찬,450.0,963.0,57.4,72.1,49.2,24.1,2394.0
1236,돼지껍데기구이,반찬,100.0,348.0,3.4,23.7,26.6,3.4,475.0
1237,돼지고기튀김,반찬,73.4,162.9,4.6,15.3,8.6,0.0,376.5
1238,돼지고기찜,반찬,250.0,272.5,22.2,27.0,8.1,5.2,550.0
1239,돼지고기찌개,국물,360.0,201.6,10.3,14.7,11.3,2.4,518.4
1240,돼지고기볶음_케찹,반찬,55.0,91.3,3.9,10.8,3.3,2.5,128.2
1241,돼지고기볶음_채소,반찬,230.0,388.7,19.8,38.1,17.5,15.3,795.8
1242,돼지고기볶음_짜장,한그릇,79.9,162.2,13.0,10.9,7.2,5.5,387.5
1243,돼지고기볶음_돼지고기_채소,반찬,430.0,455.8,24.3,33.4,25.2,11.6,735.3
1244,돼지고기볶음_돼지고기_짜장,한그릇,210.0,235.2,13.4,25.2,8.6,4.8,611.1
1245,돼지고기볶음_돼지고기_오징어,반찬,260.0,244.4,14.7,23.9,10.1,6.3,533.0
1246,돼지고기볶음_돼지고기_버섯,반찬,460.0,469.2,29.9,38.7,22.4,13.6,970.6
1247,돼지고기볶음_돼지고기_배추김치,반찬,130.0,118.3,5.2,9.4,6.6,2.5,310.7
1248,돼지고기볶음_돼지고기,반찬,400.0,536.0,25.7,38.1,31.5,11.4,672.0
1249,돼지고기볶음_김치,반찬,200.0,218.0,13.6,19.0,9.4,7.2,702.0
1250,돼지고기볶음(제육볶음),반찬,250.0,487.5,11.8,30.4,35.5,1.0,1252.5
1251,돼지고기볶음,반찬,200.0,350.0,18.2,23.0,20.7,8.2,1052.0
1252,돼지고기덮밥,한그릇,330.0,544.5,86.4,26.1,9.0,6.3,471.9
1253,돼지고기강정,반찬,76.2,132.6,6.4,11.3,6.4,1.4,375.7
1254,돼지고기_허파,반찬,100.0,91.0,0.0,17.3,2.4,0.0,85.0
1255,돼지고기_머리고기,반찬,200.0,650.0,3.5,42.4,52.0,0.1,334.0
1256,돼지고기_간,반찬,100.0,164.0,1.6,29.4,4.4,0.2,62.0
1257,돼지고기 피망잡채,반찬,170.0,154.7,8.7,16.5,6.0,3.6,455.6
1258,돼지고기 장조림_메추리알,반찬,50.0,71.5,3.0,7.2,3.1,0.8,450.5
1259,돼지고기 장조림,반찬,60.0,79.8,3.6,9.2,2.9,1.6,209.4
1260,돼지고기 스테이크,반찬,68.7,125.7,6.2,15.0,4.0,2.8,414.3
1261,돼지고기 덮밥,한그릇,330.0,554.4,85.5,26.4,10.3,6.7,465.3
1262,돼지고기 꼬치구이,반찬,105.0,188.0,2.9,28.2,6.2,1.8,125.0
1263,돼지갈비찜_채소_떡,반찬,140.0,198.8,15.3,12.6,9.5,3.0,308.0
1264,돼지갈비찜_채소,반찬,340.0,462.4,16.3,35.7,27.4,7.8,850.0
1265,돼지갈비찜_배추김치,반찬,450.0,400.5,24.1,26.4,22.0,9.9,1516.5
1266,돼지갈비찜_매운양념_채소_떡,반찬,270.0,386.1,31.3,26.5,17.0,7.5,661.5
1267,돼지갈비찜_매운양념_채소,반찬,130.0,176.8,9.8,12.3,9.9,3.9,288.6
1268,돼지갈비찜,반찬,340.0,472.6,16.3,35.7,27.7,7.8,850.0
1269,돼지갈비전골,국물,85.8,194.8,4.4,14.2,13.0,2.8,284.9
1270,돼지갈비구이_간장,반찬,100.0,240.0,8.1,19.5,14.4,4.5,405.0
1271,돼지갈비구이,반찬,180.0,237.6,11.8,14.4,14.0,6.0,387.0
1272,돼지갈비강정,반찬,86.1,210.1,17.6,11.2,9.9,3.3,432.2
1273,동파육,반찬,100.0,191.0,4.2,9.0,15.4,0.7,299.0
1274,동태튀김,반찬,120.9,176.5,9.9,12.9,8.7,0.0,990.2
1275,동태찜,반찬,500.0,395.0,25.8,50.9,9.7,5.7,1985.0
1276,동태찌개,국물,610.0,152.5,12.5,19.8,3.1,3.7,1079.7
1277,동태조림,반찬,250.0,275.0,17.4,40.8,4.7,10.2,1392.5
1278,동태전,반찬,52.99,126.6,4.8,8.9,7.5,0.0,205.6
1279,동태양념구이,반찬,75.2,97.8,1.2,16.3,2.7,0.2,482.0
1280,동태까스_소스,반찬,90.0,245.7,17.5,10.4,14.1,2.3,346.5
1281,동태국,국물,298.4,50.7,3.9,8.1,0.4,1.2,653.5
1282,동태 매운탕,국물,610.0,152.5,12.1,20.1,3.0,3.3,1122.4
1283,동치미,반찬,100.0,11.0,2.1,0.5,0.1,1.2,472.0
1284,돌솥비빔밥_양념장,한그릇,550.0,473.0,76.9,15.5,11.4,6.8,638.0
1285,돌솥 비빔밥,한그릇,575.0,580.8,100.4,19.6,10.2,6.0,534.8
1286,돌나물무침,반찬,90.0,21.6,4.7,0.5,0.4,2.2,138.6
1287,돌나물,반찬,60.0,25.2,5.1,0.6,0.6,2.5,115.8
1288,돈가스_치즈,반찬,250.0,755.0,41.8,42.0,46.7,3.6,870.0
1289,돈가스_돼지안심,반찬,200.0,652.0,34.3,33.3,42.4,2.8,552.0
1290,돈가스_돼지등심,반찬,200.0,624.0,38.5,33.0,37.5,3.7,574.0
1291,돈가스_고구마,반찬,100.0,317.0,23.0,12.3,19.5,6.2,288.0
1292,돈가스,반찬,100.0,148.0,9.5,9.1,7.6,0.5,118.0
1293,도토리묵무침_채소,반찬,69.0,42.1,8.1,0.9,0.9,1.2,232.5
1294,도토리묵무침,반찬,100.0,53.0,11.3,0.5,0.7,0.1,148.0
1295,도미튀김,반찬,61.8,186.0,11.7,16.0,7.6,0.0,1063.0
1296,도미찜,반찬,226.7,117.9,7.3,17.9,2.1,2.1,192.7
1297,도미 매운탕,국물,297.0,139.6,10.0,17.5,3.4,3.2,1042.5
1298,도루묵찌개,국물,494.0,311.2,20.0,33.6,11.4,6.4,306.3
1299,도루묵조림,반찬,123.2,126.9,7.1,13.9,3.8,2.1,386.8
1300,도라지튀김,반찬,42.8,76.6,8.2,2.4,3.7,0.6,217.0
1301,도라지생채_오징어채,반찬,40.0,36.8,4.2,3.8,0.6,1.6,178.4
1302,도라지생채_오이,반찬,130.0,53.3,11.4,1.7,0.7,5.1,286.0
1303,도라지생채_북어,반찬,69.8,106.1,8.7,14.0,1.7,3.3,520.0
1304,도라지생채,반찬,100.0,119.0,24.5,2.8,1.1,9.6,522.0
1305,도라지나물무침,반찬,50.0,65.0,6.6,1.2,3.8,0.4,205.5
1306,도라지나물,반찬,75.6,88.5,9.7,1.5,5.1,0.9,647.1
1307,도다리구이,반찬,79.2,121.2,0.6,18.8,4.4,0.0,822.9
1308,도가니탕,국물,500.0,200.0,4.1,41.8,1.6,0.0,750.0
1309,덮밥_해물,한그릇,700.0,770.0,100.4,42.1,22.5,1.2,1806.0
1310,덮밥_참치,한그릇,500.0,680.0,103.0,29.2,16.8,3.0,1620.0
1311,덮밥_장어,한그릇,400.0,716.0,97.4,30.1,23.0,5.6,920.0
1312,덮밥_유산슬,한그릇,550.0,577.5,73.9,27.0,19.0,0.4,1578.5
1313,덮밥_오징어,한그릇,360.0,486.0,79.0,25.8,7.2,2.4,583.2
1314,덮밥_송이버섯,한그릇,600.0,582.0,95.6,18.2,14.0,2.3,1680.0
1315,덮밥_불고기,한그릇,400.0,728.0,107.8,26.4,21.2,0.3,1012.0
1316,덮밥_돼지고기(제육),한그릇,470.0,949.4,79.2,44.3,50.6,9.3,817.8
1317,덮밥_닭고기,한그릇,410.0,512.5,60.8,46.7,8.9,4.4,627.3
1318,덮밥_낙지,한그릇,350.0,525.0,84.4,20.6,11.7,7.6,742.0
1319,더덕장아찌,반찬,90.0,126.9,26.0,4.0,0.8,13.8,1050.3
1320,더덕무침,반찬,150.0,216.0,43.4,4.3,2.8,20.2,1246.5
1321,더덕구이,반찬,100.0,184.0,31.1,3.1,5.2,11.6,743.0
1322,대합죽,한그릇,259.0,274.5,43.0,6.5,7.5,0.4,577.6
1323,대합 미역국,국물,227.7,15.9,1.3,1.8,0.5,0.1,280.1
1324,대창구이_소고기,반찬,100.0,595.0,4.0,9.1,60.2,1.1,126.0
1325,대구포,반찬,100.0,141.0,2.3,32.0,0.4,0.0,3876.0
1326,대구튀김,반찬,82.9,236.3,11.0,22.4,10.4,0.0,1133.2
1327,대구탕,국물,760.5,342.2,38.3,35.7,6.8,10.2,2167.4
1328,대구찜,반찬,191.0,108.9,6.3,15.9,2.3,1.9,324.7
1329,대구지리,국물,343.0,65.2,3.5,11.7,0.9,0.4,586.5
1330,대구볼찜,반찬,640.0,288.0,34.4,27.1,7.9,7.0,915.2
1331,대구 매운탕_내장_알,국물,300.0,123.0,8.2,20.1,1.6,3.3,600.0
1332,대구 매운탕_내장,국물,300.0,117.0,7.0,19.8,1.4,2.2,642.0
1333,대구 매운탕,국물,219.2,114.0,6.2,17.1,2.4,2.0,754.0
1334,당근볶음,반찬,90.0,85.5,7.0,0.8,6.0,4.0,194.4
1335,닭튀김_양념,반찬,143.2,317.9,31.4,29.5,7.7,10.8,1328.9
1336,닭튀김_살코기,반찬,100.0,289.0,9.4,22.5,17.4,0.0,292.0
1337,닭튀김_목,반찬,100.0,330.0,8.7,19.8,23.5,0.0,276.0
1338,닭튀김_닭가슴살,반찬,100.0,252.0,20.2,21.0,9.7,0.0,60.0
1339,닭튀김_다리(아랫다리),반찬,100.0,268.0,8.3,22.0,15.8,0.0,269.0
1340,닭튀김_다리(넓적다리),반찬,100.0,277.0,9.1,21.6,16.5,0.0,288.0
1341,닭튀김_너겟,반찬,200.0,664.0,33.3,30.6,45.4,2.2,1032.0
1342,닭튀김_날개,반찬,200.0,514.0,21.0,34.3,32.5,0.0,538.0
1343,닭튀김 샐러드,반찬,300.0,237.0,11.9,11.4,15.9,3.0,306.0
1344,닭튀김,반찬,172.6,296.9,15.8,30.4,10.9,0.0,421.1
1345,닭찜_안동찜닭,반찬,1500.0,1365.0,139.5,114.2,38.8,66.8,5460.0
1346,닭찜_매운양념,반찬,250.0,285.0,21.8,22.8,11.8,5.8,572.5
1347,닭찜_간장,반찬,209.5,178.1,10.6,25.3,2.8,3.1,586.6
1348,닭찜,반찬,300.0,321.0,1.8,37.1,18.3,0.0,672.0
1349,닭죽_채소,한그릇,200.0,198.0,25.5,11.8,4.9,1.5,270.0
1350,닭죽,한그릇,261.3,290.0,47.4,20.1,1.4,2.6,376.3
1351,닭조림_고추장,반찬,250.0,380.0,33.1,22.8,17.4,5.1,725.0
1352,닭조림,반찬,120.0,133.2,10.6,12.6,4.4,3.0,256.8
1353,닭볶음탕,반찬,300.0,333.0,25.6,35.7,9.7,1.3,1128.0
1354,닭볶음(닭갈비)_매운양념_치즈,반찬,220.0,369.6,33.0,31.8,12.0,8.2,662.2
1355,닭볶음(닭갈비)_매운양념,반찬,220.0,288.2,27.6,24.7,8.8,7.9,600.6
1356,닭볶음(닭갈비)_닭가슴살_피망,반찬,80.0,97.6,1.1,13.1,4.5,0.2,392.0
1357,닭볶음(닭갈비),반찬,210.0,348.6,30.4,29.2,12.1,9.7,642.6
1358,닭볶음,반찬,280.0,383.6,35.4,41.2,8.4,10.2,756.0
1359,닭백숙,국물,270.6,276.0,34.6,27.3,1.9,0.9,1404.4
1360,닭발볶음,반찬,200.0,372.0,23.4,27.6,18.8,12.7,1948.0
1361,닭발구이,반찬,220.0,431.2,21.3,39.9,20.7,0.7,1819.4
1362,닭모래집튀김,반찬,150.0,468.0,29.1,28.1,26.6,1.8,322.5
1363,닭모래집볶음,반찬,100.0,176.0,2.8,28.1,5.8,2.7,364.0
1364,닭도리탕,반찬,237.3,116.3,10.0,11.9,2.9,2.7,199.3
1365,닭다리튀김_간장,반찬,200.0,646.0,35.8,37.7,39.2,7.4,820.0
1366,닭다리조림,한그릇,80.4,143.9,7.3,11.3,7.1,2.6,123.0
1367,닭다리구이,반찬,170.0,153.0,4.6,14.5,8.0,1.5,345.1
1368,닭날개구이,반찬,105.0,228.9,2.5,22.7,13.3,1.6,163.8
1369,닭꼬치구이,반찬,90.0,162.9,5.0,28.9,2.3,3.4,109.8
1370,닭구이,반찬,120.0,115.2,5.5,13.4,4.0,2.3,332.4
1371,닭곰탕,국물,280.0,134.4,9.3,12.0,5.1,0.9,666.4
1372,닭고기육개장,국물,440.0,123.2,6.7,11.6,5.8,1.8,620.4
1373,닭고기냉채,반찬,150.0,109.5,8.6,16.2,1.4,4.9,31.5
1374,닭고기 탕수,반찬,230.0,218.5,20.2,17.0,7.2,6.1,138.0
1375,닭고기 샐러드,반찬,114.5,124.8,3.6,9.8,7.8,1.2,411.1
1376,닭고기 미역국,국물,280.0,58.8,2.0,9.0,2.1,0.0,534.8
1377,닭고기 덮밥,한그릇,634.0,615.0,104.0,33.6,4.4,5.8,760.8
1378,닭강정,반찬,183.9,402.7,39.4,32.9,11.4,8.5,320.0
1379,닭가슴살 샐러드_마요네즈,반찬,300.0,162.0,8.5,12.0,8.9,3.4,225.0
1380,닭가슴살 샐러드_드레싱,반찬,300.0,111.0,6.1,12.3,4.1,3.6,168.0
1381,달래무침_오이,반찬,100.4,52.2,8.8,1.6,1.8,3.9,832.3
1382,달래무침,반찬,60.0,37.8,3.6,1.8,1.8,2.3,340.2
1383,달래 된장국,국물,243.4,92.5,6.3,7.3,4.5,1.9,457.6
1384,달걀후라이,반찬,60.0,106.8,1.8,6.6,7.7,0.1,130.8
1385,달걀튀김,반찬,92.2,236.0,13.6,9.4,15.0,0.5,111.6
1386,달걀탕_순두부,국물,350.0,101.5,3.3,6.2,7.1,0.0,353.5
1387,달걀찜_채소,반찬,100.0,89.0,4.5,4.8,5.8,0.0,329.0
1388,달걀찜_우유,반찬,200.0,210.0,7.6,16.5,12.6,5.1,524.0
1389,달걀찜_새우젓,반찬,200.0,116.0,0.9,10.0,8.1,0.0,494.0
1390,달걀찜_두부,반찬,90.0,67.5,2.2,5.9,3.6,0.6,189.0
1391,달걀찜_당근,반찬,180.0,124.2,4.0,11.2,6.6,0.9,453.6
1392,달걀찜_달걀만,반찬,100.0,108.0,1.0,9.0,7.5,0.8,375.0
1393,달걀찜,반찬,110.0,130.9,1.8,12.2,7.7,0.7,958.1
1394,달걀조림,반찬,80.0,87.2,5.2,7.2,3.8,1.2,398.4
1395,달걀부침(달걀후라이)_햄,반찬,100.0,277.0,8.1,12.7,21.6,0.0,591.0
1396,달걀부침(달걀후라이),반찬,85.0,132.6,2.3,8.5,9.4,0.2,334.9
1397,달걀말이_햄_김,반찬,45.2,87.2,2.2,5.7,6.0,0.2,280.7
1398,달걀말이_채소,반찬,50.0,47.5,0.5,3.2,3.5,0.2,98.0
1399,달걀말이_부추,반찬,50.0,51.0,0.4,3.5,3.7,0.2,93.5
1400,달걀말이_달걀만,반찬,100.0,210.0,4.8,13.3,15.3,0.4,328.0
1401,달걀말이,반찬,49.2,83.1,0.6,5.2,6.3,0.3,325.2
1402,달걀국,국물,300.0,57.0,1.1,4.5,3.6,0.4,453.0
1403,달걀_삶은것_흰자,반찬,100.0,48.0,0.0,11.4,0.3,0.3,186.0
1404,달걀_삶은것_노른자,반찬,100.0,358.0,1.2,15.7,32.3,0.2,46.0
1405,달걀_삶은것,반찬,100.0,150.0,0.6,12.8,10.6,0.6,127.0
1406,달걀 샐러드,반찬,159.5,252.0,10.3,9.4,19.0,1.3,355.7
1407,단호박찜,반찬,90.0,36.9,9.0,0.8,0.1,3.3,1.8
1408,단호박조림,반찬,100.0,71.0,15.2,2.2,0.9,4.4,815.0
1409,단호박 샐러드,반찬,50.0,62.5,5.1,0.6,4.6,1.7,42.0
1410,단무지무침,반찬,25.0,4.0,0.6,0.1,0.1,0.2,84.0
1411,단무지,반찬,30.0,3.9,0.7,0.1,0.1,0.1,165.6
1412,다시마튀각,반찬,100.0,246.0,10.0,1.1,23.6,4.1,448.0
1413,다시마조림,반찬,30.9,18.8,2.2,1.0,1.0,0.3,160.1
1414,다시마무침,반찬,64.2,38.5,4.5,2.0,2.2,0.6,321.6
1415,다슬기 된장국,국물,300.0,69.0,7.8,6.3,2.0,1.2,384.0
1416,느타리버섯튀김,반찬,60.3,136.9,11.6,3.9,8.2,0.2,332.9
1417,느타리버섯볶음_느타리버섯_채소,반찬,50.0,23.0,2.3,1.0,1.6,0.7,81.5
1418,느타리버섯볶음_느타리버섯,반찬,90.0,18.9,2.1,1.1,1.3,0.4,117.0
1419,느타리버섯볶음,반찬,100.0,87.0,7.7,3.6,4.7,3.2,453.0
1420,느타리버섯 구이,반찬,90.9,54.5,5.2,1.9,4.0,1.4,338.1
1421,누룽지_뜨거운물첨가,밥,100.0,69.0,15.1,1.3,0.1,1.2,13.0
1422,누룽지,밥,600.0,522.0,115.0,9.0,0.4,1.4,6.0
1423,녹두전,반찬,158.9,146.2,13.4,7.9,6.7,0.3,36.5
1424,녹두빈대떡_해물_돼지고기,반찬,157.0,161.7,16.7,14.1,4.1,2.3,879.2
1425,녹두빈대떡_해물,반찬,157.0,135.0,17.2,9.4,3.2,2.5,1029.9
1426,녹두빈대떡_채소,반찬,157.0,157.0,26.0,6.8,3.1,3.2,1105.3
1427,녹두빈대떡_돼지고기,반찬,210.0,367.5,44.9,19.8,11.8,0.6,228.9
1428,녹두빈대떡,반찬,109.7,273.2,34.4,14.7,8.2,1.6,301.7
1429,노각무침,반찬,150.0,84.0,14.3,2.6,1.8,7.1,817.5
1430,넙치구이,반찬,114.8,133.2,0.0,15.6,7.3,0.0,706.0
1431,넙치(광어)회덮밥_양념장,한그릇,510.0,392.7,64.5,21.8,5.4,9.8,433.5
1432,냉채_해파리,반찬,150.0,91.5,13.4,6.2,1.4,11.4,508.5
1433,냉채_닭고기,반찬,240.0,216.0,12.0,31.4,4.7,11.5,362.4
1434,냉이초나물,반찬,100.0,77.0,12.3,4.2,2.5,2.9,261.0
1435,냉이나물,반찬,75.0,24.8,4.1,1.8,0.6,0.9,136.5
1436,냉이 된장국,국물,170.0,25.5,2.9,2.2,0.7,0.7,331.5
1437,냉면_회냉면_홍어,한그릇,500.0,740.0,111.0,29.0,20.1,14.2,495.0
1438,냉면_열무냉면,한그릇,800.0,528.0,97.5,20.9,5.8,27.1,3152.0
1439,냉면_비빔냉면,한그릇,500.0,500.0,66.8,28.4,13.2,20.1,885.0
1440,냉면_물냉면,한그릇,700.0,385.0,72.2,13.7,4.5,31.6,1127.0
1441,냉국_미역_오이,국물,350.0,21.0,3.0,1.3,0.5,2.4,1144.5
1442,냉국_미역,국물,350.0,129.5,26.3,0.7,2.3,15.7,518.0
1443,내장탕,국물,600.0,426.0,10.1,34.9,27.1,0.3,1296.0
1444,내장전골,국물,470.0,272.6,13.6,25.4,13.5,3.4,601.6
1445,난자완스,반찬,200.0,388.0,20.7,15.6,26.9,1.8,714.0
1446,낙지탕(맑은탕),국물,600.0,96.0,4.8,18.0,1.0,1.6,852.0
1447,낙지탕,국물,600.0,186.0,10.4,29.4,3.2,1.9,1704.0
1448,낙지찜,반찬,600.0,444.0,22.9,32.8,25.9,5.3,1302.0
1449,낙지전골,국물,430.0,150.5,15.3,18.0,2.6,4.1,851.4
1450,낙지볶음_채소,반찬,140.0,93.8,11.4,7.6,2.2,3.6,371.0
1451,낙지볶음_떡,반찬,110.0,115.5,9.0,17.7,0.8,3.2,657.8
1452,낙지볶음,반찬,80.5,109.5,9.1,10.1,3.9,5.7,786.5
1453,낙지무침,반찬,180.0,138.6,7.1,22.3,2.2,0.3,612.0
1454,낙지 삼겹살 볶음,반찬,255.0,385.0,9.5,23.2,26.9,4.8,869.6
1455,낙지 비빔밥,한그릇,900.0,792.0,132.5,38.7,11.8,11.2,1584.0
1456,낙지 덮밥,한그릇,900.0,828.0,139.0,40.5,11.5,15.8,1683.0
1457,나폴리탄 스파게티,한그릇,360.0,417.6,81.0,13.0,5.0,13.7,741.6
1458,나박김치,반찬,100.0,10.0,1.2,0.5,0.4,0.3,377.0
1459,꿩불고기,반찬,500.0,370.0,39.7,33.5,8.5,16.9,1265.0
1460,꽈리고추찜,반찬,100.0,104.0,17.7,3.6,2.1,0.4,316.0
1461,꽈리고추조림_멸치,반찬,80.0,45.6,3.8,5.7,1.0,1.0,368.0
1462,꽈리고추볶음_잔멸치_호두,반찬,110.0,79.2,4.8,7.2,3.5,1.2,533.5
1463,꽈리고추볶음_잔멸치,반찬,70.0,44.8,2.2,5.3,1.6,0.6,361.9
1464,꽈리고추볶음_멸치,반찬,90.0,71.1,5.0,7.2,2.5,1.3,420.3
1465,꽈리고추볶음,반찬,78.6,114.0,9.9,1.9,7.7,2.2,335.6
1466,꽈리고추 오징어조림,반찬,87.7,118.4,5.6,12.5,5.0,3.0,340.3
1467,꽃게탕,국물,600.0,102.0,8.6,11.2,2.5,5.7,1638.0
1468,꽃게콩나물찜,반찬,800.0,416.0,40.8,46.9,10.7,7.3,1672.0
1469,꽃게찜,반찬,800.0,416.0,40.8,47.2,10.6,7.3,1736.0
1470,꽃게장_양념,반찬,200.0,194.0,25.2,20.5,1.2,17.5,1608.0
1471,꽃게장_간장,반찬,250.0,155.0,15.1,17.5,2.8,10.5,2722.5
1472,꽃게 매운탕,국물,232.9,72.2,3.0,13.3,0.6,1.4,393.6
1473,꽁치튀김,반찬,100.0,105.0,2.4,5.3,7.8,0.0,222.0
1474,꽁치찌개_김치,국물,240.0,144.0,6.9,14.9,6.2,2.6,748.8
1475,꽁치찌개,국물,300.0,354.0,12.2,24.0,23.3,5.9,1296.0
1476,꽁치조림_채소,반찬,190.0,136.8,9.0,16.8,3.6,3.2,342.0
1477,꽁치조림_배추김치,반찬,210.0,184.8,12.2,21.6,5.3,5.1,903.0
1478,꽁치조림_무,반찬,95.0,78.8,5.4,8.6,2.4,2.1,305.0
1479,꽁치조림_김치,반찬,80.0,48.8,2.9,4.8,2.1,0.8,172.0
1480,꽁치조림,반찬,78.7,103.1,3.5,14.2,2.8,1.4,289.6
1481,꽁치구이,반찬,205.0,164.0,1.6,19.2,8.1,0.0,481.7
1482,꼬치구치_낙지,반찬,80.0,75.2,2.8,13.1,1.3,0.0,207.2
1483,꼬치구이_닭모래집_고추장,반찬,126.0,153.7,1.7,28.5,3.0,1.2,108.4
1484,꼬치구이_닭모래집_간장,반찬,75.0,120.0,4.2,20.8,1.7,2.2,340.5
1485,꼬치구이_닭고기_대파,반찬,170.0,416.5,17.6,30.3,25.0,2.8,708.9
1486,꼬치구이_닭고기,반찬,240.0,276.0,1.8,56.2,3.3,0.7,278.4
1487,꼬막찜_참꼬막,반찬,80.0,90.4,4.6,12.5,2.5,0.0,234.4
1488,꼬막찜,반찬,100.0,30.0,2.2,4.0,0.5,0.6,193.0
1489,꼬막무침,반찬,100.0,107.0,7.7,8.3,4.7,4.3,516.0
1490,꼬리곰탕_당면,국물,585.0,392.0,17.3,22.8,24.0,1.2,1064.7
1491,꼬리곰탕,국물,800.0,320.0,18.3,18.4,17.4,1.8,632.0
1492,껍질콩볶음_맛살,반찬,150.0,147.0,14.0,4.9,7.6,3.8,310.5
1493,깻잎튀김,반찬,32.8,62.6,5.7,1.8,3.5,0.0,185.0
1494,깻잎찜,반찬,100.0,97.0,6.0,5.2,5.9,1.3,792.0
1495,깻잎전,반찬,146.1,103.7,8.6,5.7,4.8,0.0,409.1
1496,깻잎장아찌,반찬,82.9,53.9,10.7,3.1,0.6,4.4,431.1
1497,깻잎나물볶음,반찬,200.0,206.0,11.5,7.5,14.4,0.6,1042.0
1498,깻잎나물_깻잎,반찬,50.0,16.5,2.2,1.1,0.7,0.0,112.0
1499,깻잎나물,반찬,88.4,55.7,5.3,2.4,3.3,0.7,180.3
1500,깻잎김치,반찬,100.0,83.0,11.8,3.4,2.4,5.8,836.0
1501,깨죽,한그릇,800.0,512.0,79.3,13.7,15.9,3.6,1160.0
1502,깐풍새우,반찬,100.0,240.0,20.6,8.2,13.9,7.2,531.0
1503,깐풍기,반찬,164.2,256.2,11.4,26.4,10.2,0.4,1080.4
1504,깐쇼새우,반찬,330.0,495.0,48.5,26.1,20.7,17.5,877.8
1505,깍두기,반찬,200.0,80.0,16.5,2.7,0.4,6.4,1046.0
1506,김튀김,반찬,50.0,261.0,27.2,5.5,14.4,0.1,303.0
1507,김치찜_돼지고기_두부,반찬,270.0,118.8,7.7,10.3,5.2,3.1,696.6
1508,김치찜_돼지고기,반찬,170.0,139.4,5.4,9.9,8.5,2.3,328.1
1509,김치찌개_햄,국물,201.7,78.7,6.6,5.6,3.5,2.4,474.0
1510,김치찌개_참치,국물,270.0,105.3,6.6,12.7,3.0,2.5,955.8
1511,김치찌개_어묵,국물,260.0,98.8,16.4,4.7,1.5,4.2,665.6
1512,김치찌개_삼겹살,국물,240.0,187.2,7.2,8.4,13.3,2.3,499.2
1513,김치찌개_돼지고기_두부,국물,124.76,52.4,2.9,5.2,2.1,1.0,358.1
1514,김치찌개_돼지고기,국물,350.0,213.5,15.8,16.6,9.2,3.7,829.5
1515,김치찌개_꽁치,국물,270.0,240.3,9.6,19.3,14.0,1.9,672.3
1516,김치찌개_김치만,국물,100.0,46.0,3.0,1.6,3.1,1.3,507.0
1517,김치찌개,국물,400.0,244.0,11.9,15.1,15.0,3.0,1964.0
1518,김치전골,국물,270.0,197.1,15.3,8.4,11.4,2.1,807.3
1519,김치전_해물,반찬,120.0,115.2,13.1,5.2,4.2,1.2,291.6
1520,김치전_오징어,반찬,65.0,105.3,13.3,3.6,3.8,1.4,322.4
1521,김치전,반찬,70.0,88.2,10.9,2.5,3.5,1.0,259.0
1522,김치순두부_해물,국물,270.0,94.5,4.5,10.8,3.7,1.9,515.7
1523,김치순두부_바지락,국물,480.0,177.6,7.6,20.2,6.7,3.4,571.2
1524,김치순두부_돼지고기,국물,270.0,70.2,4.0,8.1,2.4,1.9,558.9
1525,김치순두부,국물,100.0,42.0,1.5,4.7,1.8,0.9,107.0
1526,김치볶음_햄,반찬,157.4,143.2,5.1,6.6,10.7,2.8,458.0
1527,김치볶음_참치,반찬,150.0,96.0,7.1,7.5,4.3,3.6,514.5
1528,김치볶음_돼지고기,반찬,100.0,58.0,4.6,2.4,3.3,2.2,398.0
1529,김치볶음_김치만,반찬,100.0,132.0,7.2,2.6,10.4,3.0,782.0
1530,김치볶음_김치_참치,반찬,150.0,85.5,6.4,8.9,2.6,3.3,693.0
1531,김치볶음_김치,반찬,80.0,27.2,3.0,0.8,1.3,1.6,277.6
1532,김치볶음,반찬,80.0,48.0,5.0,1.3,2.5,2.6,355.2
1533,김치만두,한그릇,315.0,409.5,47.7,27.4,10.4,2.6,1357.6
1534,김치국_콩나물,국물,170.0,13.6,1.8,1.0,0.3,0.6,192.1
1535,김치국_두부,국물,187.7,33.8,3.2,3.0,1.0,0.9,242.1
1536,김치국_김치_콩나물,국물,210.0,25.2,3.5,2.3,0.7,0.9,399.0
1537,김치국_김치_두부,국물,270.0,48.6,5.0,4.1,1.6,1.6,575.1
1538,김치국_김치,국물,200.0,24.0,4.3,1.3,0.3,1.8,646.0
1539,김치국,국물,400.0,92.0,10.5,5.4,3.0,0.1,832.0
1540,김치 콩나물국,국물,205.2,20.5,2.6,2.3,0.4,0.7,529.4
1541,김치 청국장찌개,국물,210.0,63.0,6.7,5.5,1.9,1.7,401.1
1542,김치 볶음밥_모듬,한그릇,320.0,416.0,68.8,12.2,8.9,3.2,486.4
1543,김치 된장국,국물,280.0,42.0,5.5,3.1,1.1,2.0,669.2
1544,김치 돼지고기볶음,반찬,50.0,56.5,2.1,4.0,3.3,1.1,147.0
1545,김치 고기만두,한그릇,82.0,241.1,34.8,13.3,4.3,1.2,452.6
1546,김부각,반찬,19.0,78.8,10.5,2.8,3.6,0.2,65.0
1547,김밥_풋고추,한그릇,290.0,490.1,79.8,14.2,12.8,0.3,948.3
1548,김밥_치즈,한그릇,400.0,488.0,74.6,18.4,11.8,2.4,884.0
1549,김밥_채소,한그릇,280.0,442.4,74.6,12.9,10.2,0.4,865.2
1550,김밥_참치_김치,한그릇,400.0,500.0,61.8,21.6,17.8,3.1,752.0
1551,김밥_참치_고추,한그릇,400.0,476.0,65.7,17.6,15.0,2.0,544.0
1552,김밥_참치,한그릇,400.0,516.0,72.2,24.0,13.2,3.6,936.0
1553,김밥_소고기,한그릇,250.0,447.5,64.4,16.2,13.9,0.1,667.5
1554,김밥_샐러리,한그릇,392.0,509.6,77.4,11.0,16.5,3.4,999.6
1555,김밥_샐러드,한그릇,400.0,468.0,72.6,13.6,13.2,4.3,632.0
1556,김밥_멸치_고추,한그릇,400.0,488.0,82.0,22.4,7.2,3.7,1120.0
1557,김밥_돈가스,한그릇,320.0,646.4,101.2,18.5,18.6,4.3,771.2
1558,김밥_날치알,한그릇,400.0,416.0,69.1,16.8,7.6,2.0,1012.0
1559,김밥_김치,한그릇,270.0,351.0,51.8,11.6,10.9,0.8,942.3
1560,김밥_고추,한그릇,400.0,376.0,66.0,12.8,6.5,2.6,608.0
1561,김밥_계란,한그릇,400.0,396.0,60.5,17.2,8.4,3.6,584.0
1562,김밥,한그릇,168.32,311.4,56.9,9.8,4.4,1.7,706.9
1563,김무침,반찬,30.0,77.7,5.8,6.4,3.2,1.7,303.3
1564,김말이튀김,반찬,100.0,132.0,19.6,1.1,5.4,0.0,183.0
1565,김국,국물,214.5,30.0,4.9,1.9,0.6,0.5,255.3
1566,김구이_조미김,반찬,5.0,23.5,1.5,1.0,1.5,0.0,200.6
1567,기장밥_찹쌀,밥,280.0,338.8,72.7,6.4,1.0,0.4,2.8
1568,기장밥,밥,186.47,220.0,48.1,4.1,0.3,0.0,3.7
1569,기스면,한그릇,1000.0,610.0,89.8,37.8,10.7,0.5,2760.0
1570,기름장,기타,10.0,64.0,0.1,0.0,6.9,0.0,751.8
1571,근대나물,반찬,45.9,23.0,2.1,1.1,1.3,0.0,332.3
1572,근대 된장국,국물,200.0,28.0,3.8,2.0,0.7,0.9,480.0
1573,귀리밥,밥,100.0,162.0,34.5,3.9,0.9,0.1,0.0
1574,굴찜,반찬,98.9,140.4,15.5,11.2,4.0,7.1,912.8
1575,굴죽,한그릇,259.0,277.1,43.4,6.2,7.7,0.5,507.6
1576,굴전,반찬,74.2,158.0,10.4,8.8,8.6,0.8,358.4
1577,굴비구이,반찬,52.5,275.1,0.3,31.1,15.6,0.0,288.2
1578,굴밥,밥,500.0,610.0,107.2,21.5,9.8,3.3,630.0
1579,굴무침_채소,반찬,50.0,20.5,2.2,1.6,0.6,0.8,155.0
1580,굴무침_무,반찬,50.0,14.5,1.9,1.1,0.3,0.7,160.5
1581,굴무침,반찬,80.0,61.6,5.8,5.3,1.8,2.2,163.2
1582,굴국_무,국물,500.0,125.0,14.6,12.0,1.8,0.7,1255.0
1583,굴국_두부,국물,320.0,57.6,3.1,6.4,2.1,0.4,745.6
1584,굴 미역국,국물,280.0,44.8,5.3,5.3,1.3,0.3,1069.6
1585,굴 두부찌개,국물,326.7,68.6,4.8,7.2,2.2,1.4,320.2
1586,굴 국밥,한그릇,809.0,509.7,103.5,12.9,2.6,3.7,1165.0
1587,군만두,한그릇,257.3,563.5,64.9,21.9,23.8,1.1,609.8
1588,국수전골,한그릇,457.7,402.8,66.6,15.6,8.4,5.0,1363.9
1589,국수_쟁반막국수,한그릇,450.0,535.5,57.6,30.1,20.5,36.5,2308.5
1590,국수_잔치국수,한그릇,700.0,308.0,56.4,13.5,3.4,0.3,1512.0
1591,국수_열무김치,한그릇,697.7,481.4,81.8,15.3,8.5,5.0,1653.5
1592,국수_비빔국수,한그릇,500.0,510.0,102.4,15.0,4.8,20.6,1195.0
1593,국수_막국수,한그릇,600.0,798.0,143.4,34.8,9.7,29.3,2430.0
1594,국수_김치말이국수,한그릇,600.0,300.0,52.0,12.9,4.8,8.3,2124.0
1595,국수,한그릇,894.0,500.6,79.3,22.3,8.6,2.6,2449.6
1596,국밥_콩나물,한그릇,780.0,405.6,85.3,11.3,1.9,0.0,1341.6
1597,국밥_순대국밥,한그릇,900.0,675.0,93.4,28.5,20.5,1.5,1134.0
1598,국밥_소고기,한그릇,700.0,329.0,42.6,21.8,8.1,2.8,1785.0
1599,국밥_돼지머리,한그릇,900.0,1233.0,143.5,60.3,46.4,1.4,1629.0
1600,국밥_돼지고기,한그릇,1200.0,912.0,74.8,66.4,38.6,0.0,1092.0
1601,국밥_굴,한그릇,650.0,682.5,88.4,42.4,17.8,0.3,1638.0
1602,국밥,한그릇,800.0,416.0,58.6,27.6,8.2,0.4,2304.0
1603,광어 매운탕,국물,600.0,378.0,17.6,53.4,10.4,4.6,330.0
1604,과일샐러드,반찬,110.0,71.5,8.6,0.6,4.2,6.5,26.4
1605,곱창전골_소고기,국물,600.0,528.0,29.2,41.6,27.3,2.3,1782.0
1606,곱창전골,국물,570.0,267.9,15.2,20.3,14.9,4.4,632.7
1607,곱창볶음_돼지껍데기,반찬,150.0,352.5,24.5,25.8,16.7,5.5,780.0
1608,곱창볶음_돼지고기,반찬,230.0,299.0,42.6,16.6,6.9,7.5,494.5
1609,곱창구이_소고기,반찬,150.0,276.0,7.1,22.3,17.6,1.7,1972.5
1610,곰탕_우거지,국물,350.0,87.5,9.1,8.3,2.1,1.2,787.5
1611,곰탕,국물,600.0,144.0,0.7,20.6,6.7,0.0,744.0
1612,곰치국,국물,1000.0,420.0,23.9,54.3,11.8,2.8,3800.0
1613,골뱅이무침_채소_소면,반찬,100.0,87.0,15.2,5.0,0.7,4.0,379.0
1614,골뱅이무침_채소,반찬,70.0,42.0,6.4,3.5,0.5,3.6,270.9
1615,골뱅이무침_소면,반찬,300.0,306.0,41.7,25.2,4.6,18.0,1035.0
1616,골뱅이무침,반찬,47.2,55.7,4.7,8.1,0.6,2.7,233.2
1617,곤약조림,반찬,95.8,41.2,6.9,1.1,1.9,2.0,321.9
1618,곤약무침_마요네즈,반찬,75.0,62.2,2.7,0.5,5.8,0.8,89.2
1619,곤드레밥_양념장,밥,300.0,261.0,51.3,6.3,2.9,0.5,354.0
1620,곤드레밥,밥,500.0,620.0,134.0,11.0,4.7,0.8,45.0
1621,곤드레나물밥,밥,350.0,521.5,98.9,10.3,9.5,0.0,91.0
1622,고춧잎나물무침,반찬,90.0,79.2,6.4,4.0,4.2,1.4,717.3
1623,고춧잎나물,반찬,70.0,28.7,5.0,2.7,0.5,0.3,91.7
1624,고춧가루 양념장,기타,115.0,161.0,16.5,6.8,8.3,2.2,1628.4
1625,고추튀김,반찬,44.9,79.5,9.8,2.1,3.3,0.3,108.2
1626,고추조림_멸치,반찬,80.0,45.6,3.8,5.7,1.0,1.0,371.2
1627,고추조림,반찬,80.0,32.0,5.5,1.5,0.6,0.9,329.6
1628,고추전,반찬,104.6,244.8,16.4,12.6,15.2,0.9,47.1
1629,고추장찌개_두부,국물,400.0,224.0,16.7,21.0,8.5,4.3,552.0
1630,고추장아찌 무침,반찬,37.6,23.3,5.2,0.6,0.3,1.8,262.1
1631,고추장아찌,반찬,100.0,124.0,31.5,2.4,0.6,11.4,2026.0
1632,고추장볶음,반찬,24.5,92.1,8.2,2.2,6.0,3.5,393.0
1633,고추잡채,반찬,400.0,276.0,17.1,16.8,16.0,6.0,640.0
1634,고사리나물무침,반찬,50.0,45.0,3.1,1.9,2.8,0.2,220.5
1635,고사리나물,반찬,82.4,46.1,4.0,3.0,2.6,0.3,1072.0
1636,고디국(다슬기맑은국),국물,300.0,51.0,4.7,4.2,2.1,0.7,288.0
1637,고등어튀김,반찬,100.0,126.0,2.3,6.2,9.7,0.1,262.0
1638,고등어찜,반찬,191.0,175.7,6.1,16.4,9.3,1.9,303.7
1639,고등어찌개,국물,600.0,600.0,25.6,48.9,33.7,7.4,2586.0
1640,고등어조림_배추김치,반찬,210.0,220.5,12.0,20.2,10.1,5.4,951.3
1641,고등어조림_무,반찬,95.0,89.3,4.8,8.0,4.1,1.9,294.5
1642,고등어조림_모듬채소,반찬,80.0,48.0,2.7,4.1,2.2,0.8,136.8
1643,고등어조림,반찬,100.0,141.0,4.1,11.2,8.8,3.4,390.0
1644,고등어구이_카레,한그릇,50.0,95.0,3.2,7.0,5.8,0.2,123.5
1645,고등어구이_석쇠,반찬,200.0,680.0,7.6,46.8,51.4,0.0,252.0
1646,고등어구이_기름,반찬,130.0,236.6,4.7,16.5,15.8,0.0,305.5
1647,고등어구이,반찬,170.0,241.4,4.6,16.2,17.0,0.0,351.9
1648,고들빼기김치,반찬,50.0,35.5,5.8,1.5,0.7,2.2,302.5
1649,고기만두,한그릇,382.0,435.5,64.8,22.5,8.3,0.6,660.9
1650,고구마튀김,반찬,80.0,186.4,25.1,1.2,8.7,4.8,99.2
1651,고구마줄기나물_들깨,반찬,60.0,23.4,2.4,0.9,1.3,0.1,77.4
1652,고구마줄기나물_고춧가루,반찬,60.0,16.2,2.5,0.7,0.4,0.3,94.8
1653,고구마줄기나물,반찬,170.0,37.4,4.2,1.0,1.9,0.7,302.6
1654,고구마조림,반찬,97.0,162.0,37.4,2.4,0.6,10.7,822.6
1655,고구마전,반찬,140.0,317.8,50.4,4.1,11.2,20.0,121.8
1656,고구마밥,밥,216.0,300.2,65.8,5.0,0.8,3.5,4.3
1657,고구마맛탕,반찬,152.0,317.7,61.0,1.5,7.5,19.0,9.1
1658,고구마깻잎튀김,반찬,149.7,253.0,44.8,3.9,6.0,7.4,529.9
1659,고구마_찐고구마,반찬,200.0,278.0,64.9,3.3,0.5,32.6,20.0
1660,고구마_밤고구마_삶은것,기타,100.0,132.0,30.2,2.4,0.1,18.4,79.0
1661,계란덮밥,한그릇,100.0,143.0,25.1,4.3,2.8,3.1,223.0
1662,계란 덮밥,한그릇,335.4,509.8,71.5,15.8,16.3,2.0,355.5
1663,겨자채,반찬,150.0,180.0,6.0,8.1,13.3,3.5,27.0
1664,게조림,반찬,132.0,122.8,2.0,24.9,1.1,0.9,865.9
1665,게장_양념,반찬,100.0,111.0,8.1,12.2,3.3,4.9,607.0
1666,게장_간장,반찬,100.0,88.0,4.5,12.2,2.3,2.9,910.0
1667,게살죽,한그릇,800.0,568.0,107.4,17.9,7.1,0.2,1456.0
1668,게맛살튀김,반찬,167.4,356.6,44.0,10.2,14.4,2.6,736.6
1669,게국지,국물,1100.0,418.0,31.7,44.9,12.1,10.8,4048.0
1670,겉절이_치커리,반찬,100.0,56.0,4.4,1.5,3.6,3.7,177.0
1671,겉절이_열무,반찬,100.0,58.0,5.4,2.4,2.9,2.3,891.0
1672,겉절이_상추,반찬,100.0,61.0,5.3,2.4,3.4,3.0,431.0
1673,겉절이_배추,반찬,50.0,27.5,3.3,1.1,1.1,0.6,164.0
1674,검정콩밥_보리,밥,179.2,256.3,53.7,5.7,1.2,0.5,1.8
1675,검정콩밥,밥,250.0,302.5,62.7,6.8,1.4,0.6,2.5
1676,건새우볶음_풋고추,반찬,88.0,143.4,11.2,9.4,6.7,4.6,756.8
1677,건새우볶음_건새우_꽈리고추,반찬,75.0,53.2,4.2,5.3,1.7,1.1,382.5
1678,건새우볶음_건새우,반찬,60.0,72.0,3.0,9.3,2.3,0.8,639.0
1679,건새우볶음,반찬,37.6,57.9,3.6,5.9,2.1,0.9,421.9
1680,건새우 미역국,국물,320.0,86.4,2.9,12.2,3.3,0.0,1164.8
1681,건꼴뚜기조림_풋고추,반찬,31.1,89.6,3.2,9.1,4.2,0.5,322.8
1682,건갈치조림,반찬,74.6,71.6,2.7,8.4,2.7,1.4,784.0
1683,개고기전골,국물,630.0,466.2,14.8,35.0,31.7,3.3,686.7
1684,개고기무침,반찬,620.0,750.2,23.3,47.3,54.7,5.6,688.2
1685,개고기 수육,반찬,200.0,452.0,6.2,31.6,34.3,0.2,108.0
1686,강낭콩밥,밥,300.0,336.0,72.0,6.9,1.0,0.4,3.0
1687,갓김치,반찬,100.0,37.0,7.1,3.3,0.4,2.5,720.0
1688,갑오징어무침,반찬,100.0,50.0,5.9,5.3,0.7,3.1,225.0
1689,감자튀김,반찬,201.3,207.3,28.7,3.8,8.8,0.0,756.9
1690,감자탕,국물,650.0,175.5,15.3,18.8,4.1,2.3,708.5
1691,감자조림,반찬,80.0,52.8,10.6,1.3,0.7,1.5,193.6
1692,감자전,반찬,119.3,161.1,20.3,4.9,6.4,0.0,529.7
1693,감자연근튀김,반찬,155.9,232.3,35.5,5.9,6.7,0.6,631.4
1694,감자스프,한그릇,200.0,172.0,16.3,5.8,8.9,4.7,40.0
1695,감자샐러드_오이,반찬,121.3,126.2,13.5,2.1,7.3,0.4,1225.1
1696,감자샐러드_당근,반찬,78.2,60.2,6.5,0.9,3.5,0.7,25.8
1697,감자샐러드,반찬,80.0,128.8,12.5,2.2,8.0,2.5,246.4
1698,감자볶음_햄_채소,반찬,180.0,84.6,9.5,4.7,3.2,0.8,291.6
1699,감자볶음_햄,반찬,120.1,191.0,15.7,6.0,11.7,1.1,798.7
1700,감자볶음_풋고추,반찬,103.7,104.7,17.0,3.0,3.2,3.9,418.9
1701,감자볶음_채소,반찬,110.0,96.8,18.8,2.5,1.5,1.5,144.1
1702,감자볶음_잔멸치,반찬,50.5,77.3,8.4,3.4,3.3,1.0,276.2
1703,감자볶음_양파,반찬,47.6,54.3,6.0,0.8,3.0,0.6,168.5
1704,감자볶음_당근,반찬,75.6,82.4,8.9,1.3,4.7,2.5,334.9
1705,감자볶음_감자만,반찬,100.0,134.0,16.2,1.9,6.9,1.4,353.0
1706,감자볶음_감자_햄,반찬,180.0,84.6,9.5,4.6,3.2,0.8,291.6
1707,감자볶음_감자_베이컨,반찬,180.0,95.4,10.6,3.3,4.5,0.8,250.2
1708,감자볶음_감자_당근,반찬,200.0,104.0,15.3,2.1,4.0,0.7,368.0
1709,감자볶음_감자,반찬,95.0,49.4,8.5,1.2,1.2,0.2,153.9
1710,감자볶음,반찬,95.0,49.4,8.5,1.1,1.2,0.2,151.0
1711,감자범벅,기타,112.3,106.7,24.6,2.6,0.1,5.0,673.8
1712,감자밥,밥,261.5,340.0,74.4,6.3,0.4,0.0,5.2
1713,감자그라탕,반찬,101.3,141.8,17.6,4.0,6.3,3.6,310.0
1714,감자국_소고기,국물,320.0,124.8,12.9,6.7,5.1,0.2,432.0
1715,감자국,국물,240.0,50.4,11.0,2.0,0.2,0.7,511.2
1716,감자구이,반찬,108.0,132.8,19.6,2.6,5.0,0.0,1.1
1717,감자_찐감자,반찬,200.0,140.0,30.0,4.3,0.3,1.7,6.0
1718,감자 호박된장국,국물,320.0,80.0,11.2,6.7,1.4,1.8,1206.4
1719,감자 소고기찌개,국물,204.0,106.1,8.3,6.9,5.0,1.4,610.0
1720,감자 된장국_두부,국물,193.4,61.9,7.7,4.6,1.5,0.7,400.3
1721,감자 된장국,국물,320.0,70.4,10.6,4.5,1.0,1.0,691.2
1722,갈치튀김,반찬,100.0,78.0,1.8,4.6,5.5,0.0,172.0
1723,갈치찌개,국물,417.8,162.9,10.0,16.3,6.5,3.1,1307.7
1724,갈치조림_무,반찬,400.0,260.0,17.8,25.2,9.6,7.1,928.0
1725,갈치젓_양념,반찬,90.0,134.1,9.3,14.0,4.6,4.4,4520.7
1726,갈치구이_기름,반찬,200.0,276.0,1.2,43.1,11.0,0.0,594.0
1727,갈치구이,반찬,170.0,209.1,6.7,15.9,12.4,0.0,533.8
1728,갈비탕_소금제외,국물,740.0,658.6,31.2,40.7,40.3,2.9,458.8
1729,갈비탕,국물,372.8,123.0,2.1,6.7,9.2,0.5,339.2
1730,갈비찜_소고기,반찬,250.0,495.0,13.2,49.8,27.0,4.3,752.5
1731,갈비찜_고춧가루,반찬,300.0,516.0,23.7,61.3,19.7,10.7,1140.0
1732,갈비구이_왕갈비_양념,반찬,150.0,481.5,13.7,27.1,35.3,6.8,549.0
1733,갈비구이_소고기_양념,반찬,300.0,990.0,26.2,60.1,71.6,13.9,1377.0
1734,갈비구이_소고기,반찬,300.0,723.0,4.8,77.7,43.7,0.8,1206.0
1735,갈비구이_돼지고기,반찬,100.0,294.0,5.8,19.6,21.4,5.7,389.0
1736,갈매기살구이_돼지고기,반찬,100.0,312.0,0.3,27.0,22.6,0.0,124.0
1737,간재미회무침,반찬,270.0,126.9,17.5,12.8,1.3,9.6,442.8
1738,간자장_해물,한그릇,885.0,1336.4,200.8,61.1,28.1,21.7,3363.0
1739,간자장,한그릇,650.0,825.5,134.2,22.4,22.0,12.2,2717.0
1740,가지탕수,반찬,70.2,120.0,16.5,1.7,5.1,3.3,183.9
1741,가지찜,반찬,54.5,65.4,5.6,3.1,3.4,1.4,218.5
1742,가지전,반찬,200.0,246.0,17.8,11.0,14.6,1.7,674.0
1743,가지볶음_가지_당근,반찬,75.0,27.8,3.4,0.7,1.5,1.7,126.8
1744,가지볶음_가지_고추,반찬,60.0,16.2,2.0,0.5,0.8,1.0,97.8
1745,가지볶음_가지,반찬,60.0,21.0,2.0,0.5,1.3,0.9,124.2
1746,가지냉국,국물,160.0,30.4,5.5,1.8,0.6,2.2,1046.4
1747,가지나물,반찬,130.0,32.5,5.0,1.4,1.1,2.4,283.4
1748,가지김치,반찬,100.0,36.0,6.2,2.1,0.8,2.4,1592.0
1749,가죽나물무침,한그릇,80.0,60.8,8.0,4.7,1.1,3.0,220.8
1750,가자미튀김,반찬,56.9,128.0,3.2,11.8,7.0,0.0,431.3
1751,가자미찜,반찬,170.8,133.2,4.8,20.2,3.3,1.4,589.3
1752,가자미조림,반찬,67.0,116.6,4.7,16.0,3.5,1.7,463.0
1753,가자미식해,반찬,250.0,335.0,29.1,27.7,12.0,9.3,1712.5
1754,가자미구이,반찬,100.0,151.0,0.8,22.6,6.4,0.6,489.0
1755,가자미 매운탕,국물,550.0,170.5,8.2,24.2,4.5,2.0,621.5
1756,가오리회무침,반찬,270.0,126.9,17.5,12.7,1.3,9.6,442.8
1757,가오리콩나물찜,반찬,600.0,174.0,21.0,16.1,5.0,4.1,666.0
1758,가오리찜,반찬,200.0,204.0,0.9,44.0,2.8,0.1,302.0
